first_name,last_name,email,gender,ip_address
Corene,Melloi,cmelloi0@a8.net,Female,187.101.150.216
Loutitia,Treacy,ltreacy1@behance.net,Polygender,224.155.176.57
Wernher,Paterson,wpaterson2@jiathis.com,Male,10.217.126.217
Tammy,Enders,tenders3@joomla.org,Female,86.107.182.47
Nadine,Paynter,npaynter4@slate.com,Female,44.98.245.227
Alana,Aldhouse,aaldhouse5@about.com,Female,212.235.252.58
Noni,Demange,ndemange6@jalbum.net,Female,178.205.212.55
Milzie,Mulloch,mmulloch7@squarespace.com,Genderqueer,133.91.90.109
Fredrika,Tsarovic,ftsarovic8@examiner.com,Female,118.143.117.251
Theodosia,Focke,tfocke9@berkeley.edu,Female,209.206.186.212
Netti,Denecamp,ndenecampa@printfriendly.com,Female,180.190.167.128
Tatiana,D'eye,tdeyeb@abc.net.au,Female,147.58.74.153
Modesty,Kitchingham,mkitchinghamc@utexas.edu,Female,93.77.99.7
Parker,Gotling,pgotlingd@prnewswire.com,Male,206.93.94.104
Otis,Prozescky,oprozesckye@altervista.org,Male,135.212.37.35
Desmund,Figura,dfiguraf@engadget.com,Male,83.169.98.188
Adolpho,Callf,acallfg@mail.ru,Bigender,29.4.108.113
Estevan,Ing,eingh@reddit.com,Male,83.129.166.221
Tanny,Clyne,tclynei@twitpic.com,Male,20.185.158.33
Francesco,Spatoni,fspatonij@freewebs.com,Male,112.2.240.79
Helge,Earp,hearpk@lulu.com,Female,255.40.95.125
Erhard,Lowden,elowdenl@scribd.com,Male,243.2.85.136
Lyle,Kahane,lkahanem@discuz.net,Male,167.64.133.178
Violante,Luthwood,vluthwoodn@ning.com,Female,197.133.17.166
Jaynell,Cough,jcougho@yahoo.co.jp,Female,27.90.60.117
Beret,Marsay,bmarsayp@oakley.com,Bigender,0.77.34.39
Arri,Deniscke,adenisckeq@google.cn,Male,24.41.55.126
Mab,Mingaud,mmingaudr@usda.gov,Female,76.230.148.151
Franni,Calcott,fcalcotts@booking.com,Female,223.223.219.185
Garrick,Hulstrom,ghulstromt@deliciousdays.com,Male,10.75.36.96
Shaina,Waddell,swaddellu@indiatimes.com,Female,112.62.169.190
Lindsey,Cordero,lcorderov@nydailynews.com,Female,108.72.122.199
La verne,Coushe,lcoushew@msu.edu,Polygender,234.171.176.183
Willetta,Vaadeland,wvaadelandx@harvard.edu,Female,4.253.66.62
Roxie,Sines,rsinesy@boston.com,Female,199.39.81.140
Neill,Griffitt,ngriffittz@epa.gov,Male,226.19.38.133
Vikky,Kainz,vkainz10@msu.edu,Female,67.114.98.57
Allyson,Juster,ajuster11@who.int,Female,167.246.26.102
Welbie,Bonefant,wbonefant12@unicef.org,Male,46.170.150.148
Pascal,Cronin,pcronin13@oracle.com,Male,66.114.36.244
Garth,Bartholomaus,gbartholomaus14@youku.com,Male,169.238.255.65
Gerhardine,Gettings,ggettings15@ocn.ne.jp,Genderfluid,22.35.107.236
Berty,Gillison,bgillison16@livejournal.com,Female,243.222.192.35
Clark,Boldt,cboldt17@google.es,Male,204.63.211.64
Tanner,Megarry,tmegarry18@aboutads.info,Male,182.103.111.190
Lilli,MacCarter,lmaccarter19@nyu.edu,Female,99.94.165.231
Brice,Lerner,blerner1a@constantcontact.com,Male,34.100.30.231
Donetta,Drioli,ddrioli1b@adobe.com,Female,247.61.42.165
Verina,Antonikov,vantonikov1c@si.edu,Female,238.109.17.221
Catina,Scadden,cscadden1d@sakura.ne.jp,Female,116.199.196.238
Martainn,Farres,mfarres1e@goo.ne.jp,Male,143.64.122.245
Nat,Bagenal,nbagenal1f@tripadvisor.com,Female,131.19.124.220
Freida,Tolcharde,ftolcharde1g@shutterfly.com,Female,203.147.225.148
Alia,Caizley,acaizley1h@aol.com,Non-binary,159.155.161.22
Ricky,Kores,rkores1i@zimbio.com,Female,58.37.253.103
Sephira,Sutcliff,ssutcliff1j@forbes.com,Female,255.146.49.74
Marthe,Walby,mwalby1k@yellowbook.com,Female,149.31.17.139
Yetta,Aicken,yaicken1l@mozilla.org,Female,179.204.137.161
Ollie,Easterbrook,oeasterbrook1m@walmart.com,Male,75.127.208.245
Winston,Winthrop,wwinthrop1n@prlog.org,Male,36.250.199.135
Allister,Brislan,abrislan1o@zimbio.com,Male,166.58.23.61
Rabi,Di Pietro,rdipietro1p@networkadvertising.org,Male,31.149.198.127
Todd,Segot,tsegot1q@yandex.ru,Male,173.33.70.80
Adolphe,Brazenor,abrazenor1r@histats.com,Male,62.245.181.140
Mei,Swedeland,mswedeland1s@seattletimes.com,Female,219.79.25.103
Quent,Mabbot,qmabbot1t@weibo.com,Male,120.144.158.35
Morna,Confait,mconfait1u@ted.com,Agender,73.187.19.160
Otes,Fideler,ofideler1v@is.gd,Male,168.127.30.179
Arnie,Crottagh,acrottagh1w@berkeley.edu,Male,163.193.41.221
Englebert,Hartus,ehartus1x@gizmodo.com,Male,145.68.27.222
Jonathan,O'Flynn,joflynn1y@howstuffworks.com,Male,140.203.158.56
Beulah,Noor,bnoor1z@wufoo.com,Female,63.56.33.185
Nappy,Gowrie,ngowrie20@tiny.cc,Male,209.241.112.238
Abigale,Bratch,abratch21@examiner.com,Genderqueer,44.126.237.91
Sergeant,Hubbart,shubbart22@usda.gov,Male,2.120.245.168
Maggie,de Castelain,mdecastelain23@com.com,Female,156.212.118.129
Loralyn,Musker,lmusker24@bravesites.com,Female,113.149.43.87
Christin,McBrier,cmcbrier25@g.co,Non-binary,161.208.213.163
Eugenia,Dufour,edufour26@i2i.jp,Female,83.30.86.30
Joe,Wolton,jwolton27@foxnews.com,Male,134.232.148.117
Evey,Atcock,eatcock28@wsj.com,Female,231.24.12.1
Erhart,Chifney,echifney29@domainmarket.com,Male,62.176.18.51
Hillery,Atwater,hatwater2a@gizmodo.com,Agender,157.53.205.44
Courtney,MacShirie,cmacshirie2b@jalbum.net,Male,238.30.193.139
Channa,Gillham,cgillham2c@gov.uk,Non-binary,59.99.89.189
Constantin,Espasa,cespasa2d@opensource.org,Male,212.159.21.58
Marchall,Crevy,mcrevy2e@tuttocitta.it,Male,12.110.207.136
Evie,Jeannesson,ejeannesson2f@deliciousdays.com,Female,138.28.66.137
Gerald,Maydway,gmaydway2g@ameblo.jp,Male,242.87.134.100
Izzy,Poundsford,ipoundsford2h@biblegateway.com,Male,13.234.232.185
Linda,Goom,lgoom2i@google.com.hk,Female,94.220.179.83
Walt,Franceschino,wfranceschino2j@boston.com,Male,118.2.33.93
Kesley,Pyson,kpyson2k@behance.net,Female,206.242.55.193
Jamesy,Chinge,jchinge2l@cbc.ca,Male,253.189.171.3
Charin,Scudders,cscudders2m@boston.com,Female,188.17.224.13
Sebastian,Stuther,sstuther2n@jimdo.com,Male,141.167.230.72
Graig,Paradine,gparadine2o@google.fr,Male,126.2.250.141
Tudor,Mathieson,tmathieson2p@usda.gov,Male,159.64.2.207
Robinia,Sleeman,rsleeman2q@washingtonpost.com,Female,138.35.211.131
Hogan,Kinzel,hkinzel2r@nytimes.com,Male,233.196.224.255
Jabez,Hedylstone,jhedylstone2s@tumblr.com,Male,20.123.88.69
Hendrika,Piaggia,hpiaggia2t@storify.com,Female,22.228.100.116
Bern,Pettigrew,bpettigrew2u@plala.or.jp,Male,214.56.121.123
Alameda,D'Oyley,adoyley2v@nhs.uk,Female,172.103.111.136
Koren,Sillick,ksillick2w@bizjournals.com,Female,243.100.26.52
Truman,Poundford,tpoundford2x@gov.uk,Male,216.4.144.66
Valery,Marke,vmarke2y@canalblog.com,Polygender,123.81.106.98
Sharon,Clearley,sclearley2z@github.com,Non-binary,192.127.17.228
Reade,Righy,rrighy30@istockphoto.com,Male,170.0.24.56
Gustav,Magovern,gmagovern31@soundcloud.com,Male,11.234.58.213
Cristen,Selbach,cselbach32@msu.edu,Female,196.90.172.49
Jena,Winterborne,jwinterborne33@blogspot.com,Female,129.15.108.174
Benita,Sauter,bsauter34@ucoz.ru,Female,223.182.165.141
Esra,Speller,espeller35@apple.com,Male,235.185.186.140
Jennine,Van der Velden,jvandervelden36@tiny.cc,Female,86.104.146.35
Alina,Peppard,apeppard37@umich.edu,Female,253.96.135.57
Adolphus,Cansdale,acansdale38@statcounter.com,Male,148.155.149.112
Margot,Folkes,mfolkes39@arizona.edu,Female,115.18.31.183
Morton,Leat,mleat3a@feedburner.com,Male,24.123.31.180
Baxie,Belward,bbelward3b@google.com.hk,Male,253.26.58.124
Theressa,Thewlis,tthewlis3c@amazon.co.jp,Female,0.32.94.222
Elianore,Angear,eangear3d@friendfeed.com,Female,14.107.181.130
Alanah,Mulvagh,amulvagh3e@hhs.gov,Female,122.125.238.49
Michele,Vasiltsov,mvasiltsov3f@hhs.gov,Female,238.219.124.128
Darline,Mersey,dmersey3g@xinhuanet.com,Female,37.155.123.187
Jamey,McGovern,jmcgovern3h@sciencedirect.com,Male,50.76.182.229
Sky,MacTrusty,smactrusty3i@wikispaces.com,Male,79.117.72.58
Claire,Morby,cmorby3j@mashable.com,Female,69.227.123.245
Sarah,Kibbye,skibbye3k@yahoo.com,Agender,48.246.239.53
Edee,Christaeas,echristaeas3l@yolasite.com,Female,190.145.215.46
Armstrong,Devonald,adevonald3m@va.gov,Male,57.209.163.52
Lovell,Broadwell,lbroadwell3n@technorati.com,Male,51.22.2.228
Dottie,Kiefer,dkiefer3o@cnn.com,Female,61.184.166.59
Sorcha,Voysey,svoysey3p@dailymail.co.uk,Female,100.247.150.246
Cyrillus,Speeding,cspeeding3q@businessweek.com,Male,40.158.212.25
Laird,Mackrill,lmackrill3r@jimdo.com,Male,88.109.244.45
Dionis,Brightwell,dbrightwell3s@indiegogo.com,Female,33.79.196.177
Ray,Mantrup,rmantrup3t@wikispaces.com,Male,1.124.60.165
Legra,Stoffel,lstoffel3u@wunderground.com,Female,78.168.226.248
Steve,Whebell,swhebell3v@toplist.cz,Male,215.53.2.3
Marga,Bedle,mbedle3w@yale.edu,Female,128.160.47.88
Missie,Liver,mliver3x@gravatar.com,Non-binary,76.131.197.219
Richmond,Scad,rscad3y@homestead.com,Male,231.11.74.136
Jemimah,Heelis,jheelis3z@comsenz.com,Female,148.80.223.54
Gerhardt,Keelin,gkeelin40@purevolume.com,Male,82.181.130.246
Nancee,Ellings,nellings41@virginia.edu,Female,148.108.234.233
Hazel,Densell,hdensell42@gov.uk,Male,159.230.193.136
Desmund,Edmondson,dedmondson43@google.com,Male,17.52.167.128
Bee,Lobell,blobell44@google.fr,Female,161.155.178.203
Wendi,Foystone,wfoystone45@eventbrite.com,Female,49.86.51.84
Daniel,Charteris,dcharteris46@mlb.com,Bigender,92.200.130.213
Letisha,Kilty,lkilty47@infoseek.co.jp,Female,241.65.101.216
Katrina,Bolletti,kbolletti48@ucoz.ru,Female,124.102.151.33
Aili,Zorzenoni,azorzenoni49@tuttocitta.it,Female,253.3.95.134
Floris,Ayton,fayton4a@liveinternet.ru,Female,14.98.131.200
Janifer,Schimmang,jschimmang4b@taobao.com,Genderfluid,125.232.13.177
Mair,George,mgeorge4c@boston.com,Female,144.200.121.51
Brok,Bricket,bbricket4d@yale.edu,Male,31.21.167.13
Marline,Bootell,mbootell4e@tripadvisor.com,Female,213.252.0.88
Cori,Hurdiss,churdiss4f@seesaa.net,Male,4.193.186.103
Hube,Joris,hjoris4g@icq.com,Male,66.89.112.212
Lida,Riba,lriba4h@spiegel.de,Female,177.143.39.115
Keefer,Tomsen,ktomsen4i@prlog.org,Male,79.242.125.80
Bondy,Pumfrett,bpumfrett4j@constantcontact.com,Male,60.46.225.217
Clareta,Oven,coven4k@independent.co.uk,Female,58.119.109.8
Janaya,Satterly,jsatterly4l@amazon.co.jp,Female,67.219.89.175
Lorettalorna,Blant,lblant4m@squarespace.com,Female,151.235.11.239
Sal,Sealove,ssealove4n@amazon.com,Male,110.185.90.134
Janey,Passfield,jpassfield4o@com.com,Female,44.139.229.9
Faulkner,Rudledge,frudledge4p@weather.com,Male,32.24.161.243
Gibby,Greydon,ggreydon4q@cornell.edu,Male,25.203.76.41
Nancee,Snasel,nsnasel4r@jugem.jp,Female,1.49.57.55
Wallis,Giovannacc@i,wgiovannacci4s@businesswire.com,Female,182.57.135.184
Tobiah,Scorer,tscorer4t@microsoft.com,Male,7.238.254.65
Urbanus,Rashleigh,urashleigh4u@etsy.com,Male,251.199.229.165
Lea,Ryves,lryves4v@360.cn,Female,45.56.227.115
Germayne,Kemme,gkemme4w@bravesites.com,Male,77.142.21.39
Lesley,Djokic,ldjokic4x@techcrunch.com,Female,58.205.23.250
Lorne,Preshaw,lpreshaw4y@oracle.com,Male,183.156.83.79
Maxy,Ellison,mellison4z@jalbum.net,Female,88.38.26.200
Regine,Popescu,rpopescu50@scribd.com,Female,179.81.156.172
Pryce,Langley,plangley51@unesco.org,Male,145.253.25.58
Benton,Curneen,bcurneen52@microsoft.com,Male,56.4.234.191
Ignatius,Queyos,iqueyos53@fc2.com,Male,46.92.179.195
Wildon,Tappor,wtappor54@symantec.com,Male,241.121.59.182
Tann,Pallent,tpallent55@princeton.edu,Male,112.132.82.152
Clemmy,Halksworth,chalksworth56@typepad.com,Female,248.178.253.149
Bettina,Purver,bpurver57@zdnet.com,Female,150.164.191.239
Sharai,Setch,ssetch58@bloomberg.com,Female,223.157.115.245
Austina,Bertolin,abertolin59@amazon.co.uk,Female,240.44.95.251
Wells,Swaton,wswaton5a@list-manage.com,Male,119.145.140.244
Nanette,Coniff,nconiff5b@example.com,Female,95.24.147.38
Gaynor,Bockh,gbockh5c@sina.com.cn,Female,86.66.137.91
Collette,Sheldrick,csheldrick5d@mozilla.com,Female,177.16.36.152
Galina,Rewcassell,grewcassell5e@livejournal.com,Genderqueer,88.200.106.123
Keary,Morson,kmorson5f@imgur.com,Male,45.146.229.139
Penny,Duckels,pduckels5g@nba.com,Agender,34.200.178.155
Agustin,Nye,anye5h@pinterest.com,Bigender,96.188.11.124
Amitie,Lowmass,alowmass5i@hp.com,Female,181.87.32.146
Fanya,Skillitt,fskillitt5j@techcrunch.com,Female,216.169.62.99
Ammamaria,Paiton,apaiton5k@xrea.com,Female,82.125.244.223
Donia,Lush,dlush5l@buzzfeed.com,Female,58.99.5.206
Korney,Laise,klaise5m@cbc.ca,Female,162.22.230.124
Sheff,Bradberry,sbradberry5n@google.fr,Male,103.158.110.125
Stacey,Vaune,svaune5o@mapquest.com,Female,219.228.6.46
Harley,Sugden,hsugden5p@pcworld.com,Male,189.205.207.46
Janot,Clay,jclay5q@cdbaby.com,Female,92.134.19.83
Rustin,Spratley,rspratley5r@artisteer.com,Male,26.114.49.61
Kendricks,Quarrell,kquarrell5s@de.vu,Male,90.161.177.81
August,Bolus,abolus5t@google.fr,Male,2.36.88.59
Rayshell,Amor,ramor5u@biglobe.ne.jp,Female,218.139.60.249
Myra,Easby,measby5v@bbc.co.uk,Female,192.80.80.94
Simonne,Le Brom,slebrom5w@oaic.gov.au,Female,195.66.193.147
Tomaso,Phelan,tphelan5x@github.com,Male,217.109.252.6
Ronalda,Bampton,rbampton5y@tmall.com,Non-binary,164.195.153.147
Kore,Olerenshaw,kolerenshaw5z@china.com.cn,Female,18.156.68.7
Harris,Leftwich,hleftwich60@sohu.com,Non-binary,247.184.110.176
Claudette,Lulham,clulham61@tripadvisor.com,Female,61.76.118.128
Maribelle,Holhouse,mholhouse62@studiopress.com,Female,160.72.131.61
Dennison,Van Ross,dvanross63@yahoo.co.jp,Male,143.178.169.125
Ignacio,Bradnocke,ibradnocke64@pbs.org,Male,179.229.83.187
Murdock,De Zuani,mdezuani65@cloudflare.com,Male,83.183.225.166
Ivor,Slate,islate66@i2i.jp,Male,7.177.121.98
Gayelord,Romera,gromera67@statcounter.com,Polygender,156.20.165.184
Lorinda,Beades,lbeades68@yandex.ru,Genderfluid,5.10.93.198
Osmond,Sherr,osherr69@acquirethisname.com,Polygender,197.15.178.13
Elaine,Paiton,epaiton6a@webeden.co.uk,Female,129.197.129.158
Gayelord,McKeurton,gmckeurton6b@oaic.gov.au,Male,136.54.241.77
Vanni,Bucklan,vbucklan6c@nymag.com,Female,243.127.225.82
Lionello,Keane,lkeane6d@altervista.org,Male,83.220.174.53
Clari,Sedgefield,csedgefield6e@shareasale.com,Female,135.136.91.10
Josy,Bayly,jbayly6f@elpais.com,Female,156.8.40.145
Krystalle,Blazeby,kblazeby6g@wsj.com,Female,179.170.104.88
Junia,Brennans,jbrennans6h@mtv.com,Female,224.72.183.33
Flora,Pickburn,fpickburn6i@earthlink.net,Female,8.206.135.18
Eydie,Donald,edonald6j@ehow.com,Polygender,114.223.39.149
Lynn,Carcas,lcarcas6k@ebay.com,Female,103.175.221.147
Kattie,Rate,krate6l@xing.com,Female,232.179.140.158
Timmie,Scutchings,tscutchings6m@bbb.org,Female,41.163.77.208
Gloria,Chsteney,gchsteney6n@vk.com,Female,253.33.206.181
Griffy,Chippindale,gchippindale6o@smh.com.au,Male,92.36.225.183
Sebastien,Goslin,sgoslin6p@salon.com,Male,153.133.190.183
Seward,Britner,sbritner6q@theatlantic.com,Agender,181.35.75.158
Gilberta,Cordey,gcordey6r@wikimedia.org,Female,161.242.98.167
Donny,Tonkin,dtonkin6s@dedecms.com,Genderqueer,80.112.235.41
Fabe,Probyn,fprobyn6t@sbwire.com,Male,141.150.34.198
Les,Langthorn,llangthorn6u@histats.com,Male,219.65.207.204
Corly,Wakeling,cwakeling6v@wix.com,Female,117.141.25.10
Calla,Dummett,cdummett6w@reference.com,Female,80.84.99.216
Erskine,Jeyes,ejeyes6x@stumbleupon.com,Agender,212.41.186.122
Maury,Pearson,mpearson6y@photobucket.com,Male,107.98.6.13
Berkly,Ablott,bablott6z@samsung.com,Male,81.187.198.117
Retha,Markel,rmarkel70@cnbc.com,Female,24.97.92.224
Mozelle,Debow,mdebow71@privacy.gov.au,Female,150.206.188.138
Carmelle,Davidy,cdavidy72@springer.com,Female,33.122.250.49
Alic,Janko,ajanko73@usgs.gov,Genderfluid,124.18.23.172
Tobiah,Adamiec,tadamiec74@bing.com,Male,146.31.181.247
Joseph,Maps,jmaps75@telegraph.co.uk,Male,92.42.96.78
Phyllis,Stratten,pstratten76@gizmodo.com,Female,149.78.104.151
Marj,Antley,mantley77@ibm.com,Female,5.9.251.80
Ernestine,Galliard,egalliard78@slideshare.net,Female,60.169.87.201
Rurik,Madigan,rmadigan79@gnu.org,Male,222.192.58.63
Lenore,Hebblewaite,lhebblewaite7a@narod.ru,Female,243.230.37.163
Starlene,Currell,scurrell7b@constantcontact.com,Female,133.255.47.231
Spense,Rubenfeld,srubenfeld7c@istockphoto.com,Male,52.43.1.44
Griff,Haugh,ghaugh7d@delicious.com,Male,170.2.218.207
Gussie,Rosendahl,grosendahl7e@bizjournals.com,Female,141.236.236.111
Vincenty,Klaiser,vklaiser7f@tamu.edu,Male,101.202.203.181
Olly,Corlett,ocorlett7g@mapquest.com,Female,220.238.237.196
Antonia,Mayoral,amayoral7h@com.com,Agender,201.100.41.9
Gale,Tures,gtures7i@latimes.com,Female,203.53.110.169
Rolland,Dollard,rdollard7j@deliciousdays.com,Male,255.57.109.195
Pren,Margaritelli,pmargaritelli7k@studiopress.com,Male,236.135.216.120
Wyatt,Brandin,wbrandin7l@diigo.com,Polygender,171.152.230.11
Glenn,Locarno,glocarno7m@shareasale.com,Male,25.75.248.187
Salaidh,Boutton,sboutton7n@ow.ly,Female,196.49.145.150
Ursola,Ickovici,uickovici7o@newsvine.com,Female,175.224.57.24
Kevyn,Balint,kbalint7p@bravesites.com,Female,192.85.26.103
Colver,Childrens,cchildrens7q@pcworld.com,Polygender,241.34.205.110
Aundrea,Solomonides,asolomonides7r@multiply.com,Female,103.127.195.81
Allyn,Onele,aonele7s@virginia.edu,Female,116.194.193.220
Allister,Keaton,akeaton7t@about.com,Agender,234.169.5.215
Janifer,Monan,jmonan7u@twitpic.com,Female,236.164.188.173
Katharina,Formilli,kformilli7v@cdc.gov,Female,107.74.249.132
Odell,Shawcross,oshawcross7w@paginegialle.it,Male,178.53.118.113
Allister,Manns,amanns7x@123-reg.co.uk,Male,43.220.186.131
Harmonie,Meineking,hmeineking7y@tumblr.com,Female,186.81.42.125
Kit,Palombi,kpalombi7z@yahoo.co.jp,Genderqueer,192.51.84.196
Karel,Terrett,kterrett80@samsung.com,Female,131.175.210.90
Aldric,Gutch,agutch81@wikispaces.com,Male,104.183.229.56
Catarina,Bakhrushkin,cbakhrushkin82@blogtalkradio.com,Female,103.185.190.21
Jillie,Woodhouse,jwoodhouse83@clickbank.net,Female,212.36.191.186
Grayce,Aiskovitch,gaiskovitch84@dmoz.org,Female,242.181.109.223
Reginauld,Brumfield,rbrumfield85@gravatar.com,Male,249.255.251.86
Jan,Oblein,joblein86@goo.ne.jp,Female,92.107.121.204
Aubrie,Wathen,awathen87@etsy.com,Female,68.230.76.216
Betsy,Beveridge,bbeveridge88@independent.co.uk,Female,171.46.9.24
Inesita,Bartholomieu,ibartholomieu89@unblog.fr,Female,85.94.205.34
Allissa,De Bischof,adebischof8a@loc.gov,Female,186.74.138.123
Augusto,Quodling,aquodling8b@wix.com,Male,94.185.172.172
Krispin,Newall,knewall8c@lycos.com,Male,162.134.169.230
Julius,Kellitt,jkellitt8d@xing.com,Male,53.112.212.61
Aylmar,Delhanty,adelhanty8e@tripadvisor.com,Male,43.36.154.220
Nellie,Vasyutin,nvasyutin8f@over-blog.com,Female,176.29.25.209
Sibyl,Whatsize,swhatsize8g@histats.com,Female,253.222.82.60
Merrielle,Bradie,mbradie8h@miitbeian.gov.cn,Female,138.57.36.115
Carmina,Trathen,ctrathen8i@cdbaby.com,Female,248.243.189.178
Henderson,Kobieriecki,hkobieriecki8j@stumbleupon.com,Male,150.144.68.242
Padgett,Leggis,pleggis8k@rambler.ru,Male,59.75.136.34
Pavel,Kibard,pkibard8l@abc.net.au,Male,252.70.123.237
Burch,Fay,bfay8m@vk.com,Male,158.91.46.210
Gustavo,Iacobetto,giacobetto8n@chron.com,Male,160.54.131.250
Mercie,Storrs,mstorrs8o@blog.com,Female,194.227.209.128
Maxwell,Ungaretti,mungaretti8p@senate.gov,Male,11.216.146.238
Alexandro,Marks,amarks8q@drupal.org,Male,243.192.240.76
Arlinda,Bremond,abremond8r@psu.edu,Non-binary,135.53.176.242
Clayborn,Everitt,ceveritt8s@cmu.edu,Bigender,23.114.40.36
Karine,Dossett,kdossett8t@mtv.com,Female,163.230.72.149
Meryl,Ca,mca8u@vkontakte.ru,Male,208.255.179.187
Jolee,Craiker,jcraiker8v@cmu.edu,Female,136.232.82.141
Lishe,Lotterington,llotterington8w@alibaba.com,Female,184.58.175.204
Boniface,Bernath,bbernath8x@wp.com,Male,206.216.76.213
Netta,Ivankin,nivankin8y@unesco.org,Female,233.168.95.130
Saundra,Delbergue,sdelbergue8z@odnoklassniki.ru,Female,28.168.42.20
Colin,Portinari,cportinari90@yale.edu,Male,161.177.69.114
Andreana,Lunge,alunge91@i2i.jp,Genderqueer,180.243.188.13
Charlean,Drage,cdrage92@taobao.com,Female,124.249.93.106
Haslett,Rundall,hrundall93@about.me,Male,168.157.170.14
Winn,Cadge,wcadge94@cisco.com,Polygender,249.200.149.36
Niki,Crang,ncrang95@cdc.gov,Male,175.151.185.34
Hi,Elt,helt96@webs.com,Male,38.71.84.151
Allsun,Van Dijk,avandijk97@lycos.com,Female,185.208.219.138
Ansley,Iacoviello,aiacoviello98@taobao.com,Female,154.203.137.35
Base,Seago,bseago99@ted.com,Male,179.90.1.62
Conny,Haacker,chaacker9a@skyrock.com,Male,17.139.124.0
Berny,McGebenay,bmcgebenay9b@smh.com.au,Male,94.22.192.245
Lionel,Vaughton,lvaughton9c@disqus.com,Male,33.70.177.14
Keelia,Timbridge,ktimbridge9d@com.com,Female,71.151.38.71
Karney,Readwood,kreadwood9e@e-recht24.de,Male,46.147.36.72
Adella,Restieaux,arestieaux9f@issuu.com,Female,163.116.206.102
Janean,Magrannell,jmagrannell9g@google.co.jp,Female,111.31.247.105
Leon,Savage,lsavage9h@simplemachines.org,Male,149.248.56.251
Fawn,Lugden,flugden9i@vk.com,Female,8.17.202.155
Cello,Badsworth,cbadsworth9j@msn.com,Male,167.84.101.136
Enrico,Kilmaster,ekilmaster9k@google.com.br,Male,19.224.131.19
Christoph,Marchington,cmarchington9l@behance.net,Male,141.126.147.101
Dori,Mainstone,dmainstone9m@tuttocitta.it,Female,231.19.19.38
Cody,Jumeau,cjumeau9n@rakuten.co.jp,Male,224.180.96.83
Maxy,Aleavy,maleavy9o@clickbank.net,Female,38.141.20.252
Star,Houdmont,shoudmont9p@yale.edu,Female,168.172.192.230
Rutherford,Fosdike,rfosdike9q@ehow.com,Male,11.1.130.133
Elsi,Larimer,elarimer9r@sogou.com,Female,161.158.38.214
Anny,Ratledge,aratledge9s@discuz.net,Female,54.78.239.235
Edyth,Rapp,erapp9t@npr.org,Female,111.106.183.238
Giralda,Dibling,gdibling9u@behance.net,Agender,140.142.200.119
Sullivan,Penticoot,spenticoot9v@mapy.cz,Male,18.223.45.173
Madelaine,Whitcher,mwhitcher9w@oakley.com,Female,140.40.254.111
Catlee,Gresch,cgresch9x@smh.com.au,Female,208.157.218.203
De,Lorans,dlorans9y@google.com,Female,25.160.33.111
Ave,Whittington,awhittington9z@europa.eu,Male,241.233.243.67
Artus,Cowling,acowlinga0@multiply.com,Male,32.172.6.231
Bernita,Vatini,bvatinia1@ask.com,Female,175.209.48.16
Oran,Duffett,oduffetta2@hao123.com,Male,89.179.202.225
Moore,Hoff,mhoffa3@paypal.com,Male,182.23.161.34
Wake,Sellars,wsellarsa4@nhs.uk,Male,224.151.241.167
Koenraad,Lainton,klaintona5@cdc.gov,Agender,245.241.85.156
Ianthe,Heselwood,iheselwooda6@vk.com,Female,160.42.98.124
Carlynne,Bounds,cboundsa7@people.com.cn,Female,63.12.217.106
Niki,Lorent,nlorenta8@symantec.com,Male,108.85.236.31
Laird,Furman,lfurmana9@yandex.ru,Male,190.202.252.228
Kaylil,Dwelley,kdwelleyaa@unesco.org,Female,49.83.50.81
Angeli,Elwood,aelwoodab@mit.edu,Male,184.195.246.194
Bailie,Durrans,bdurransac@nifty.com,Male,8.26.58.170
Carin,Alessandrucci,calessandrucciad@reddit.com,Female,204.8.205.160
Pamela,Rhymer,prhymerae@un.org,Polygender,155.66.123.209
Zarah,Ashton,zashtonaf@intel.com,Female,219.188.173.173
Natalya,Scherme,nschermeag@bloglines.com,Genderfluid,52.224.199.100
Roma,MacGilpatrick,rmacgilpatrickah@umn.edu,Male,61.44.106.132
Nicolais,Zorzini,nzorziniai@infoseek.co.jp,Male,59.130.169.22
Aeriel,Cherrie,acherrieaj@biblegateway.com,Female,206.7.188.137
Thekla,Luttgert,tluttgertak@noaa.gov,Female,17.200.242.135
Sena,Phillpotts,sphillpottsal@bloglovin.com,Female,9.158.41.130
Kyla,Oliffe,koliffeam@accuweather.com,Female,136.57.246.204
Sam,Inge,singean@kickstarter.com,Female,119.213.67.235
Rina,McPartlin,rmcpartlinao@angelfire.com,Female,99.144.243.156
My,Panks,mpanksap@mapquest.com,Male,220.162.92.38
Alena,Creenan,acreenanaq@last.fm,Female,194.32.189.214
Forrest,Legrice,flegricear@sphinn.com,Male,122.131.229.176
Reg,Phizackerly,rphizackerlyas@360.cn,Male,135.202.106.232
Correy,Hinrich,chinrichat@freewebs.com,Female,161.169.227.148
Jamil,Corkan,jcorkanau@flickr.com,Male,34.236.14.2
Kenneth,Absolon,kabsolonav@hexun.com,Male,232.101.239.214
Clemens,Padgett,cpadgettaw@mac.com,Male,189.77.204.193
Arabel,Thresh,athreshax@stanford.edu,Female,12.237.45.149
Francoise,Grinnell,fgrinnellay@telegraph.co.uk,Female,63.141.101.244
Kelcey,Bann,kbannaz@163.com,Female,34.87.145.236
Eben,Tilson,etilsonb0@prlog.org,Male,168.100.242.9
Ripley,Sommerville,rsommervilleb1@yahoo.com,Non-binary,170.202.117.129
Perry,Carbonell,pcarbonellb2@howstuffworks.com,Male,75.242.235.6
Katheryn,Athey,katheyb3@netlog.com,Female,7.231.148.5
Leanor,McCully,lmccullyb4@omniture.com,Female,117.244.98.72
Barde,Slimmon,bslimmonb5@mit.edu,Male,89.189.18.254
Kelsey,Harry,kharryb6@wunderground.com,Female,222.209.206.197
Franni,Sprague,fspragueb7@bloglines.com,Female,193.9.6.148
Richy,Minear,rminearb8@google.de,Male,214.186.223.210
Stacey,Webben,swebbenb9@technorati.com,Female,168.230.206.20
Gaby,Scading,gscadingba@who.int,Male,253.242.126.210
Charmane,Beardsall,cbeardsallbb@php.net,Female,84.63.199.27
Archer,Kennard,akennardbc@gravatar.com,Agender,238.85.254.62
Ralph,Matuszinski,rmatuszinskibd@theguardian.com,Male,83.191.202.78
Lewes,Espinel,lespinelbe@360.cn,Male,193.70.60.84
Paola,Pirouet,ppirouetbf@latimes.com,Female,95.181.4.193
Sigismondo,Hagyard,shagyardbg@homestead.com,Male,228.105.112.211
Gaby,Goddard,ggoddardbh@goo.ne.jp,Male,191.187.99.115
Averell,Hearnes,ahearnesbi@mozilla.com,Male,79.228.102.59
Lillian,Aphale,laphalebj@bbc.co.uk,Female,130.166.144.94
Belicia,Verlinden,bverlindenbk@google.co.uk,Female,235.100.75.0
Joan,Milmoe,jmilmoebl@wikipedia.org,Female,140.59.15.26
Aubine,Ogley,aogleybm@marriott.com,Female,23.210.25.143
Rancell,Postlewhite,rpostlewhitebn@wikia.com,Male,177.73.98.70
Malory,Blatchford,mblatchfordbo@techcrunch.com,Female,17.143.94.69
Matt,Coal,mcoalbp@etsy.com,Male,15.217.63.19
Hermia,Shildrick,hshildrickbq@theguardian.com,Female,94.18.195.31
Hashim,Fraschini,hfraschinibr@ask.com,Male,99.72.12.13
Francene,Hamley,fhamleybs@thetimes.co.uk,Genderfluid,0.235.149.230
Zelig,McCart,zmccartbt@friendfeed.com,Male,121.12.135.115
Briney,Manifould,bmanifouldbu@google.pl,Female,15.166.255.177
Bernard,Addionisio,baddionisiobv@spotify.com,Male,77.79.232.167
Jacqueline,Routley,jroutleybw@ask.com,Female,228.240.20.243
Ellswerth,Ashbee,eashbeebx@oakley.com,Male,254.174.32.106
Lynnell,Oxenbury,loxenburyby@w3.org,Female,70.162.3.41
Devina,Skelington,dskelingtonbz@wordpress.com,Female,24.83.249.120
Sterne,Butterley,sbutterleyc0@mapy.cz,Male,187.96.250.49
Upton,Tommasetti,utommasettic1@dailymotion.com,Male,194.236.139.230
Chauncey,Goodall,cgoodallc2@t-online.de,Agender,145.247.63.100
Fianna,Carverhill,fcarverhillc3@yelp.com,Female,248.129.18.139
Phillip,Archard,parchardc4@friendfeed.com,Male,171.100.7.106
Corabella,Waghorn,cwaghornc5@issuu.com,Female,14.30.122.5
Burg,Cardis,bcardisc6@businessweek.com,Male,43.86.182.199
Shanon,Bourley,sbourleyc7@imageshack.us,Female,191.212.90.192
Hagen,Sirette,hsirettec8@privacy.gov.au,Male,22.147.174.44
Durand,Collins,dcollinsc9@google.pl,Male,14.163.11.152
Leif,Gaymer,lgaymerca@irs.gov,Male,113.195.209.5
Celka,Orht,corhtcb@hc360.com,Female,207.220.193.7
Sutherland,Haycox,shaycoxcc@quantcast.com,Male,161.50.11.153
Beryle,Switzer,bswitzercd@stanford.edu,Polygender,33.185.238.88
Benn,Delamaine,bdelamainece@google.nl,Male,201.162.89.76
Kayla,Sacchetti,ksacchetticf@constantcontact.com,Female,54.127.48.22
Norbert,Camlin,ncamlincg@japanpost.jp,Male,14.176.152.189
Adolphus,Eagar,aeagarch@com.com,Male,184.100.33.211
Philippa,Snarie,psnarieci@surveymonkey.com,Female,136.33.2.237
Chad,Lambdon,clambdoncj@uiuc.edu,Female,98.217.149.121
Clayton,Bourdon,cbourdonck@1688.com,Male,191.95.39.93
Jaime,Aitkenhead,jaitkenheadcl@oracle.com,Male,64.117.36.209
Amerigo,Lilleyman,alilleymancm@stanford.edu,Male,9.210.136.217
Gallard,Arson,garsoncn@nydailynews.com,Male,98.33.183.86
Nickolaus,Harrop,nharropco@desdev.cn,Male,180.212.45.97
Butch,Dresche,bdreschecp@sogou.com,Male,166.63.147.86
Stacee,Thorald,sthoraldcq@nymag.com,Male,133.60.88.227
Robinette,Coggins,rcogginscr@elpais.com,Female,97.105.25.6
Bevon,Crummie,bcrummiecs@yolasite.com,Polygender,172.2.0.40
Julee,Collins,jcollinsct@chron.com,Genderqueer,163.204.109.68
Humfried,Trever,htrevercu@blogger.com,Male,169.224.225.76
Isiahi,Braksper,ibrakspercv@ucla.edu,Male,131.71.202.109
Elsworth,Fawltey,efawlteycw@deviantart.com,Male,198.51.105.68
Shawn,McCrainor,smccrainorcx@apache.org,Female,14.159.252.145
Alene,Hendrik,ahendrikcy@scribd.com,Genderqueer,223.24.208.252
Giulietta,Olyonov,golyonovcz@yellowbook.com,Female,136.34.179.218
Danell,Manuaud,dmanuaudd0@amazon.de,Female,12.184.210.157
Aurilia,Kilner,akilnerd1@answers.com,Polygender,11.164.87.150
Billi,Brower,bbrowerd2@google.nl,Female,19.193.208.139
Rhea,Mc Carroll,rmccarrolld3@virginia.edu,Female,157.126.126.1
Lina,Ivel,liveld4@google.com.hk,Female,22.244.218.224
Sela,Torrie,storried5@constantcontact.com,Female,82.232.68.150
Francine,Schiementz,fschiementzd6@furl.net,Female,152.159.153.223
Thurstan,Tanzer,ttanzerd7@webmd.com,Male,31.223.112.45
Tiffany,Rickwood,trickwoodd8@booking.com,Female,161.39.234.177
Inna,Mumm,imummd9@arizona.edu,Female,70.146.207.138
Brandie,Fancourt,bfancourtda@indiegogo.com,Genderfluid,51.189.114.104
Kathe,Sendall,ksendalldb@abc.net.au,Female,82.198.102.203
Lazaro,Emes,lemesdc@state.gov,Bigender,0.129.108.160
Johnnie,Attarge,jattargedd@imdb.com,Male,208.135.140.251
Erl,Maylott,emaylottde@icio.us,Male,59.116.163.134
Archibaldo,Georgeot,ageorgeotdf@dyndns.org,Male,248.196.15.181
Reynard,Minihan,rminihandg@prweb.com,Male,154.85.166.74
Brit,Spon,bspondh@sakura.ne.jp,Bigender,71.11.18.190
Caryn,Robiou,crobioudi@dagondesign.com,Female,206.101.81.116
Rosalynd,Lunge,rlungedj@washingtonpost.com,Female,36.253.36.205
Georgina,Perrat,gperratdk@istockphoto.com,Female,39.7.61.250
Sawyer,Faulconer,sfaulconerdl@china.com.cn,Male,112.45.130.180
Roddy,Binder,rbinderdm@mediafire.com,Male,103.1.198.228
Natty,Crunden,ncrundendn@edublogs.org,Male,12.235.130.17
Marguerite,Larvin,mlarvindo@youku.com,Female,139.250.20.13
Emilia,Jowers,ejowersdp@tiny.cc,Female,181.10.159.154
Diena,Chivers,dchiversdq@infoseek.co.jp,Female,40.221.83.4
Adele,Carbonell,acarbonelldr@printfriendly.com,Female,248.245.19.52
Alex,Pennoni,apennonids@intel.com,Female,252.160.207.28
Kevan,Dargavel,kdargaveldt@tripod.com,Male,148.142.206.96
Chick,Roof,croofdu@weather.com,Polygender,207.77.249.45
Aron,Haward,ahawarddv@omniture.com,Male,191.193.30.140
Josepha,Rendle,jrendledw@independent.co.uk,Female,65.27.246.80
Nana,Hewins,nhewinsdx@google.de,Female,203.33.153.177
Brynne,Mechem,bmechemdy@discovery.com,Female,90.66.235.233
Harrietta,Greenall,hgreenalldz@nytimes.com,Female,171.190.171.75
Adams,Frank,afranke0@google.com,Male,115.78.64.87
Findlay,Hoyland,fhoylande1@qq.com,Bigender,87.252.175.176
Daryl,Fance,dfancee2@chicagotribune.com,Female,22.108.130.191
Obadias,Pockey,opockeye3@deliciousdays.com,Male,150.38.109.242
Cristina,Gissop,cgissope4@miibeian.gov.cn,Female,134.21.188.144
Jobi,Biskupski,jbiskupskie5@accuweather.com,Female,80.191.65.99
Lia,Brassill,lbrassille6@about.com,Female,223.109.161.197
Consolata,Ferrettino,cferrettinoe7@imgur.com,Female,144.68.22.240
Amil,Reymers,areymerse8@nature.com,Agender,81.221.127.216
Donalt,Roycroft,droycrofte9@cisco.com,Male,187.73.24.255
Elwira,Chatelet,echateletea@nifty.com,Female,249.8.1.81
Ashli,Nacey,anaceyeb@mac.com,Female,221.32.225.106
Richy,Venard,rvenardec@hugedomains.com,Male,49.59.152.44
Dione,Bambrugh,dbambrughed@opensource.org,Female,159.182.228.61
Basil,Cheney,bcheneyee@delicious.com,Male,16.9.171.129
Charmian,Bullough,cbulloughef@parallels.com,Female,112.220.124.17
Kiah,Malamore,kmalamoreeg@instagram.com,Non-binary,51.65.103.47
Ker,Trippitt,ktrippitteh@cpanel.net,Male,74.174.113.253
Sheryl,McCooke,smccookeei@plala.or.jp,Female,119.222.222.152
Bradan,Lamberth,blamberthej@deviantart.com,Male,248.14.233.56
Haydon,Savile,hsavileek@microsoft.com,Male,253.202.197.110
Keir,Zorener,kzorenerel@webs.com,Male,78.25.7.206
Manny,Barehead,mbareheadem@youtu.be,Male,239.39.53.224
Ashlin,Burwell,aburwellen@discuz.net,Male,54.135.52.166
Pavla,Portal,pportaleo@artisteer.com,Female,6.145.226.44
Rhody,Talbot,rtalbotep@nytimes.com,Female,33.73.48.172
Hyman,Abbay,habbayeq@ow.ly,Male,26.28.158.32
Delia,Maren,dmarener@sbwire.com,Female,245.231.136.249
Kaycee,Hopfner,khopfneres@eventbrite.com,Bigender,4.40.117.160
Liam,Chant,lchantet@businesswire.com,Non-binary,156.113.160.54
Lemmy,Redholes,lredholeseu@ifeng.com,Male,67.253.243.38
Drucill,Rubinlicht,drubinlichtev@people.com.cn,Non-binary,157.17.179.167
Ludwig,Eversley,leversleyew@shutterfly.com,Male,238.77.156.155
Gavan,Mitchiner,gmitchinerex@discovery.com,Male,60.92.7.126
Ilka,Skerm,iskermey@hibu.com,Female,177.7.213.202
Lemmy,Lott,llottez@is.gd,Male,114.54.67.157
Allin,Timmis,atimmisf0@webs.com,Male,248.107.253.36
Christian,Petrovic,cpetrovicf1@ucoz.com,Male,142.199.153.178
Theodore,Mertin,tmertinf2@google.co.uk,Male,81.30.81.166
Dilly,Warmington,dwarmingtonf3@mayoclinic.com,Male,224.169.71.105
Neils,McDonnell,nmcdonnellf4@sourceforge.net,Agender,139.107.79.64
Rich,Maryin,rmaryinf5@soundcloud.com,Male,189.94.150.192
Vachel,Jervois,vjervoisf6@smh.com.au,Male,240.62.15.36
Odell,Cleghorn,ocleghornf7@nifty.com,Male,42.170.245.225
Conroy,Tenny,ctennyf8@cbslocal.com,Male,19.128.157.149
Correy,Knatt,cknattf9@hud.gov,Male,158.172.206.180
Kellby,Goodday,kgooddayfa@sfgate.com,Male,235.16.251.214
Reena,Wellsman,rwellsmanfb@fema.gov,Female,161.88.139.103
Angie,Elam,aelamfc@sourceforge.net,Male,249.187.249.155
Morry,Grzegorzewski,mgrzegorzewskifd@comsenz.com,Male,96.37.239.212
Reggy,Dole,rdolefe@wired.com,Male,70.197.153.172
Katharyn,Hanwright,khanwrightff@lycos.com,Genderqueer,187.110.62.182
Morissa,Pendall,mpendallfg@xinhuanet.com,Genderfluid,216.123.198.216
Rogerio,Maddern,rmaddernfh@jigsy.com,Male,207.98.131.252
Niccolo,Biddleston,nbiddlestonfi@hexun.com,Male,3.169.133.95
Godart,Corbie,gcorbiefj@archive.org,Male,178.38.96.95
Roseanna,Hambleton,rhambletonfk@biglobe.ne.jp,Female,3.249.228.81
Vittorio,Reavey,vreaveyfl@techcrunch.com,Genderqueer,9.164.26.212
Stefania,Crossthwaite,scrossthwaitefm@godaddy.com,Agender,69.87.213.154
Aile,Sutherden,asutherdenfn@drupal.org,Female,160.240.58.181
Phillip,Andresen,pandresenfo@aol.com,Male,133.85.167.4
Spenser,Guidi,sguidifp@wsj.com,Male,127.207.212.239
Robers,Mitchley,rmitchleyfq@salon.com,Male,56.170.117.134
Ceciley,Styan,cstyanfr@tumblr.com,Female,89.45.24.215
Daren,Broadbury,dbroadburyfs@dion.ne.jp,Male,40.173.147.209
Fraze,MacPhee,fmacpheeft@lycos.com,Male,106.34.187.101
Milo,Orae,moraefu@pbs.org,Male,181.49.150.42
Sascha,Blasiak,sblasiakfv@unicef.org,Male,2.160.124.189
Drucill,Kraut,dkrautfw@artisteer.com,Female,218.78.187.78
Lee,Groombridge,lgroombridgefx@opensource.org,Male,37.155.34.249
Margarette,Lawtie,mlawtiefy@mapquest.com,Agender,118.77.62.145
Fraser,Ruxton,fruxtonfz@state.tx.us,Male,84.232.202.108
Shay,Cornier,scornierg0@reference.com,Male,117.241.178.83
Wyndham,Triplett,wtriplettg1@goo.ne.jp,Male,204.103.180.69
Kaylee,Acock,kacockg2@ebay.co.uk,Female,99.199.181.21
Jarvis,Steedman,jsteedmang3@indiatimes.com,Genderfluid,141.87.125.53
Fidelio,Yerrell,fyerrellg4@mail.ru,Agender,58.247.196.144
Gennifer,Blyth,gblythg5@privacy.gov.au,Female,23.161.139.228
Halette,McGuff,hmcguffg6@tamu.edu,Female,101.253.60.66
Farrah,Iapico,fiapicog7@g.co,Female,144.242.1.157
Ealasaid,Sprade,espradeg8@domainmarket.com,Female,1.141.157.201
Gray,Stebbin,gstebbing9@1und1.de,Female,61.191.19.186
Maxwell,Pineaux,mpineauxga@behance.net,Male,153.118.232.48
Rozalin,Van Der Weedenburg,rvanderweedenburggb@typepad.com,Female,175.124.50.104
Domenic,Toomey,dtoomeygc@amazon.co.jp,Male,191.16.219.125
Eugenia,Harnett,eharnettgd@ask.com,Female,37.137.157.156
Ernst,Alvarez,ealvarezge@google.fr,Male,211.149.91.238
Rebbecca,Berrecloth,rberreclothgf@sina.com.cn,Female,223.190.140.14
Augustine,Woodgate,awoodgategg@t.co,Female,166.53.7.14
Candi,Devey,cdeveygh@acquirethisname.com,Female,226.241.148.152
Tabitha,Dominiak,tdominiakgi@etsy.com,Female,167.33.176.21
Virgilio,Dugmore,vdugmoregj@seattletimes.com,Male,3.58.38.250
Onfroi,Wahlberg,owahlberggk@telegraph.co.uk,Male,238.53.116.120
Robbi,Crowe,rcrowegl@clickbank.net,Female,103.163.71.154
Haroun,Cannan,hcannangm@timesonline.co.uk,Male,32.10.102.254
Ervin,Minihane,eminihanegn@bloglines.com,Male,36.16.181.177
Morry,Yeardley,myeardleygo@craigslist.org,Male,139.230.50.104
Travers,Dilliway,tdilliwaygp@odnoklassniki.ru,Male,67.145.170.127
Christoforo,Khotler,ckhotlergq@flickr.com,Male,54.87.103.47
Winn,Alloway,wallowaygr@unicef.org,Male,94.100.66.178
Verne,Greenlees,vgreenleesgs@nifty.com,Male,151.191.33.10
Kylie,Elderidge,kelderidgegt@hibu.com,Female,5.166.45.162
Car,Bidnall,cbidnallgu@wikia.com,Male,129.60.180.94
Susanne,Ginner,sginnergv@blogger.com,Female,29.49.236.19
Katrina,McGoon,kmcgoongw@sina.com.cn,Female,118.83.135.178
Estelle,Stonman,estonmangx@blog.com,Female,42.192.238.104
Ruby,Gowen,rgowengy@slashdot.org,Male,234.175.94.208
Bank,Allsupp,ballsuppgz@gizmodo.com,Male,176.97.141.210
Sigismundo,Ismirnioglou,sismirnioglouh0@ustream.tv,Male,167.39.229.216
Griswold,Mather,gmatherh1@usnews.com,Male,224.42.62.224
Tristan,Brassington,tbrassingtonh2@histats.com,Male,56.241.204.233
Roth,Castellaccio,rcastellaccioh3@narod.ru,Male,107.254.175.244
Dilan,Aucoate,daucoateh4@nature.com,Male,25.223.160.65
Venus,Perrelle,vperrelleh5@webmd.com,Female,163.47.253.197
Rosemary,Widdall,rwiddallh6@japanpost.jp,Female,25.172.103.125
Elmo,Alwin,ealwinh7@elegantthemes.com,Male,108.137.21.137
Gayelord,Armin,garminh8@newsvine.com,Non-binary,135.184.57.48
Salim,Solland,ssollandh9@patch.com,Male,17.210.83.183
Gratiana,Liddel,gliddelha@meetup.com,Female,158.217.197.23
Tori,Reah,treahhb@eepurl.com,Female,120.122.155.145
Markus,Ellershaw,mellershawhc@smh.com.au,Male,83.212.82.255
Matthias,Ettridge,mettridgehd@admin.ch,Male,140.251.26.99
Ezra,Lankford,elankfordhe@digg.com,Polygender,166.16.174.45
Doll,Kenan,dkenanhf@quantcast.com,Genderfluid,124.134.9.210
Conan,McIlvaney,cmcilvaneyhg@ucla.edu,Male,163.96.189.55
Conrade,Tesyro,ctesyrohh@icio.us,Male,22.109.76.155
Maurizio,Chettoe,mchettoehi@indiatimes.com,Male,244.101.241.52
Tilda,Dellar,tdellarhj@flickr.com,Female,3.133.134.76
Tiebout,Varley,tvarleyhk@feedburner.com,Male,109.2.49.100
Patrica,Markovic,pmarkovichl@patch.com,Female,112.94.134.163
Pincas,Withers,pwithershm@businessinsider.com,Male,221.221.91.73
Gloriana,Luxford,gluxfordhn@i2i.jp,Non-binary,244.74.83.99
Arte,Aspinal,aaspinalho@ameblo.jp,Male,219.190.26.25
Rolland,Olenov,rolenovhp@surveymonkey.com,Male,174.216.167.182
Mitch,Jakubovitch,mjakubovitchhq@over-blog.com,Male,27.176.242.246
Gerardo,Gwyer,ggwyerhr@trellian.com,Male,49.124.125.142
Marge,Crehan,mcrehanhs@ftc.gov,Female,36.159.47.198
Mylo,Deniseau,mdeniseauht@slate.com,Male,222.185.208.124
Matthiew,Klimus,mklimushu@is.gd,Male,18.254.139.209
Chicky,Crus,ccrushv@e-recht24.de,Genderqueer,216.192.76.229
Scott,Patten,spattenhw@ocn.ne.jp,Male,150.26.173.204
Jilli,Sheringham,jsheringhamhx@webeden.co.uk,Female,178.233.92.205
Tulley,Kinzett,tkinzetthy@paypal.com,Male,33.97.235.77
Hadleigh,Cheston,hchestonhz@independent.co.uk,Male,162.245.42.218
Justin,Kabos,jkabosi0@squidoo.com,Male,126.134.236.207
Viola,Jeaycock,vjeaycocki1@state.gov,Female,122.28.151.137
Liva,Herrieven,lherrieveni2@com.com,Female,92.52.188.111
Ted,MacIlhargy,tmacilhargyi3@mlb.com,Male,245.48.25.172
Chilton,Krammer,ckrammeri4@unc.edu,Male,77.42.208.30
Lou,Swinnard,lswinnardi5@webeden.co.uk,Genderqueer,1.1.117.218
Calypso,Souch,csouchi6@cbslocal.com,Female,51.159.110.54
Lilith,Bolley,lbolleyi7@shutterfly.com,Female,162.63.128.31
Mauricio,Baal,mbaali8@soundcloud.com,Male,5.138.75.31
Deck,Napier,dnapieri9@time.com,Male,113.85.227.135
Chiarra,Itter,citteria@github.com,Female,227.103.222.94
Ade,Suffield,asuffieldib@amazon.co.uk,Male,11.44.134.20
Cheslie,Cannicott,ccannicottic@yolasite.com,Female,60.114.222.132
Griff,Kaplin,gkaplinid@nature.com,Male,93.30.54.2
Nolie,Draysey,ndrayseyie@boston.com,Polygender,166.96.155.205
Bear,McCumesky,bmccumeskyif@mlb.com,Male,157.75.137.125
Harris,Flattman,hflattmanig@slate.com,Male,52.166.216.26
Flossy,Le Barr,flebarrih@cargocollective.com,Female,144.108.117.75
Claudine,Troyes,ctroyesii@icq.com,Female,204.196.87.203
Gunner,Middiff,gmiddiffij@imgur.com,Male,31.8.180.26
Anson,Manuele,amanueleik@google.ca,Male,30.93.199.251
Innis,Casburn,icasburnil@behance.net,Male,31.31.4.8
Mychal,Colten,mcoltenim@loc.gov,Male,201.94.142.234
Beatriz,Posner,bposnerin@digg.com,Female,202.92.35.5
Tiebout,Seater,tseaterio@microsoft.com,Male,151.248.132.49
Kassey,Barnsdale,kbarnsdaleip@google.co.uk,Bigender,187.33.179.192
Florentia,Kilbee,fkilbeeiq@com.com,Female,48.180.14.34
Roddy,Woolvett,rwoolvettir@shutterfly.com,Male,157.227.78.145
Randie,Kneaphsey,rkneaphseyis@discovery.com,Male,245.36.154.55
Tomaso,Fruser,tfruserit@bigcartel.com,Agender,107.37.107.139
Weidar,Loton,wlotoniu@hexun.com,Male,148.211.126.39
Violette,Click,vclickiv@archive.org,Female,183.41.157.174
Hilliary,Quant,hquantiw@amazon.com,Female,70.251.180.227
Erin,Montes,emontesix@seesaa.net,Male,89.13.10.93
Ophelie,Presley,opresleyiy@flickr.com,Female,181.106.190.162
Vanessa,Spain-Gower,vspaingoweriz@google.pl,Female,48.140.247.32
Worthington,McCutcheon,wmccutcheonj0@nifty.com,Male,14.75.154.141
Hannah,Worton,hwortonj1@dagondesign.com,Non-binary,63.19.40.97
Valentin,McGriele,vmcgrielej2@flavors.me,Male,125.232.8.97
Holly,Estick,hestickj3@nature.com,Male,174.146.124.46
Wrennie,Cliffe,wcliffej4@va.gov,Female,177.162.201.141
Emlynn,Hamman,ehammanj5@goo.gl,Female,87.189.232.115
Bili,Calkin,bcalkinj6@irs.gov,Female,118.111.214.162
Evan,Primak,eprimakj7@cam.ac.uk,Male,117.222.50.87
Diena,Saw,dsawj8@chronoengine.com,Female,247.220.216.33
Ben,O' Hern,bohernj9@bluehost.com,Male,126.179.169.121
Cece,Lampen,clampenja@indiegogo.com,Male,196.121.60.134
Ulrich,Szepe,uszepejb@yolasite.com,Male,160.254.30.63
Weider,Lavigne,wlavignejc@icio.us,Male,119.152.83.88
Bernadette,Schreurs,bschreursjd@salon.com,Female,126.227.179.226
Derk,Arkell,darkellje@bluehost.com,Male,218.116.35.233
Rici,Glasard,rglasardjf@ezinearticles.com,Female,14.205.173.176
Walker,Giannazzo,wgiannazzojg@telegraph.co.uk,Male,36.63.123.174
Britte,Prettyman,bprettymanjh@kickstarter.com,Female,208.232.131.180
Kent,Fuentez,kfuentezji@nydailynews.com,Male,191.143.68.54
Bail,Dyer,bdyerjj@cbc.ca,Male,220.34.57.152
Violante,Laux,vlauxjk@newyorker.com,Female,94.177.1.59
Lauretta,Jekel,ljekeljl@usnews.com,Female,199.96.129.191
Celesta,Kneal,cknealjm@japanpost.jp,Female,121.190.5.118
Cybil,Dunrige,cdunrigejn@bizjournals.com,Female,89.78.74.52
Lydon,Juan,ljuanjo@uol.com.br,Genderfluid,230.36.146.41
Lief,Miall,lmialljp@nydailynews.com,Male,0.206.205.94
Kirbie,Tarplee,ktarpleejq@e-recht24.de,Female,144.228.242.33
Alphonso,Langlais,alanglaisjr@cdc.gov,Male,215.41.142.58
Normand,Cod,ncodjs@senate.gov,Male,164.251.211.97
Rowe,Beau,rbeaujt@sohu.com,Female,178.1.22.186
Daisi,Garbutt,dgarbuttju@zimbio.com,Female,120.205.221.87
Norris,Crosseland,ncrosselandjv@answers.com,Male,112.14.173.81
Darelle,Berthelmot,dberthelmotjw@weebly.com,Female,222.101.221.39
Lucian,Lammie,llammiejx@unicef.org,Male,166.190.112.2
Daffy,Grunson,dgrunsonjy@salon.com,Female,248.142.208.221
Fletch,Bird,fbirdjz@columbia.edu,Male,134.163.91.188
Burke,Paulsson,bpaulssonk0@kickstarter.com,Agender,194.31.54.11
Bram,Salmons,bsalmonsk1@macromedia.com,Male,83.17.230.250
Benjamen,Richards,brichardsk2@prweb.com,Male,118.226.54.65
Devondra,Lamprecht,dlamprechtk3@cornell.edu,Female,41.205.131.144
Dennis,Bowyer,dbowyerk4@comcast.net,Male,202.201.220.155
Janenna,Leitch,jleitchk5@opera.com,Female,239.36.89.204
Sloane,Heare,shearek6@shop-pro.jp,Male,0.62.247.97
Meridel,Rowbury,mrowburyk7@gravatar.com,Female,224.57.207.224
Maureen,McCuffie,mmccuffiek8@squarespace.com,Polygender,167.228.134.188
Barn,Blencowe,bblencowek9@squarespace.com,Male,167.89.133.120
Florella,Onn,fonnka@infoseek.co.jp,Female,100.92.178.41
Gardner,Guildford,gguildfordkb@sun.com,Male,112.158.148.194
Frank,Caplin,fcaplinkc@1und1.de,Genderfluid,205.5.173.45
De,Beales,dbealeskd@chron.com,Female,59.108.100.205
Minny,Wyrill,mwyrillke@dagondesign.com,Female,102.198.197.154
Max,Fairholm,mfairholmkf@tinypic.com,Female,201.207.13.120
Kermy,Daniely,kdanielykg@cnet.com,Male,221.155.116.118
Ludvig,Poore,lpoorekh@ocn.ne.jp,Male,145.82.5.32
Jacki,Southerton,jsouthertonki@flickr.com,Female,209.49.245.19
Bridgette,Liversage,bliversagekj@linkedin.com,Female,229.101.175.207
Steward,Gourley,sgourleykk@edublogs.org,Male,195.86.238.135
Fifine,Hardes,fhardeskl@businesswire.com,Female,147.15.227.255
Willabella,Kopta,wkoptakm@yahoo.com,Non-binary,91.86.231.104
Charla,Casetti,ccasettikn@forbes.com,Female,124.30.155.179
Sella,Hymas,shymasko@seattletimes.com,Genderqueer,7.173.136.196
Vanya,Bonham,vbonhamkp@wordpress.org,Male,103.225.123.199
Prescott,Behning,pbehningkq@hostgator.com,Male,39.161.170.65
Wiley,Newport,wnewportkr@woothemes.com,Male,73.234.231.3
Neal,Meneer,nmeneerks@japanpost.jp,Male,56.118.122.23
Coralyn,Cotes,ccoteskt@elegantthemes.com,Female,105.128.62.201
Willabella,Fake,wfakeku@prnewswire.com,Female,146.78.91.143
Carmencita,Dollen,cdollenkv@wikimedia.org,Genderfluid,174.91.224.243
Leland,Bartrap,lbartrapkw@intel.com,Male,206.164.104.118
Raddy,Peinke,rpeinkekx@yahoo.co.jp,Male,222.172.121.143
Shelden,Walley,swalleyky@senate.gov,Male,25.136.195.236
Madeline,Linklet,mlinkletkz@ft.com,Female,97.164.99.44
Zarla,Agron,zagronl0@google.com.au,Genderqueer,222.2.180.133
Nevin,Fabri,nfabril1@pbs.org,Male,53.67.19.185
Augustin,Ellison,aellisonl2@wix.com,Male,76.33.13.73
Sheppard,McKeever,smckeeverl3@geocities.com,Male,72.11.31.237
Rosalia,Rhoddie,rrhoddiel4@indiatimes.com,Female,246.100.65.0
Rubi,Munnings,rmunningsl5@edublogs.org,Female,218.105.45.143
Leonerd,Mahy,lmahyl6@macromedia.com,Male,202.112.85.218
Suzi,Panks,spanksl7@globo.com,Female,64.51.1.87
Diahann,Orchard,dorchardl8@hc360.com,Bigender,239.49.118.227
Lola,Dowson,ldowsonl9@nih.gov,Female,127.235.211.97
Lucina,Mackneis,lmackneisla@baidu.com,Female,177.245.21.183
Luke,Stellin,lstellinlb@sogou.com,Male,199.187.131.210
Ezra,McDyer,emcdyerlc@ebay.com,Male,241.28.201.139
Mariel,Ciraldo,mciraldold@ca.gov,Female,145.172.140.40
Gardy,Huff,ghuffle@umn.edu,Male,105.155.249.11
Blinny,Bartkowiak,bbartkowiaklf@godaddy.com,Female,240.245.120.179
Leo,MacIlriach,lmacilriachlg@cloudflare.com,Male,55.143.171.92
Irita,Baumer,ibaumerlh@live.com,Female,9.26.213.169
Lilith,Westbury,lwestburyli@dailymail.co.uk,Female,123.230.120.229
Brendon,Peres,bpereslj@mozilla.com,Male,125.251.119.223
Sarina,Chinnock,schinnocklk@ucla.edu,Female,219.47.6.238
Tibold,Bowra,tbowrall@ucsd.edu,Genderqueer,137.251.6.191
Rianon,Gallyhaock,rgallyhaocklm@networksolutions.com,Female,173.20.93.170
Peder,Colcutt,pcolcuttln@cdbaby.com,Male,182.23.234.130
Huey,Janz,hjanzlo@naver.com,Male,66.92.250.20
Shae,Sowray,ssowraylp@theguardian.com,Female,190.134.168.5
Jillayne,Jupe,jjupelq@meetup.com,Non-binary,36.163.131.131
Colette,Ottey,cotteylr@gravatar.com,Female,173.204.66.251
Grace,Renak,grenakls@ehow.com,Female,57.112.249.178
Elsi,Norvell,enorvelllt@mozilla.org,Female,214.73.207.143
Hercule,Ivashev,hivashevlu@sohu.com,Male,207.74.238.85
Lucius,Crossgrove,lcrossgrovelv@seesaa.net,Male,250.78.138.2
Norah,Bayley,nbayleylw@surveymonkey.com,Female,177.154.151.151
Alecia,Fireman,afiremanlx@newyorker.com,Female,234.99.193.153
Melisande,Kloser,mkloserly@angelfire.com,Female,116.10.12.65
Rolland,Lawranson,rlawransonlz@ameblo.jp,Male,158.118.238.101
Michal,Georgi,mgeorgim0@shareasale.com,Male,207.174.178.198
Hubey,Maharry,hmaharrym1@elegantthemes.com,Male,166.186.84.154
Amelina,Dukelow,adukelowm2@independent.co.uk,Female,147.33.151.33
Maxi,Halladey,mhalladeym3@twitpic.com,Female,91.146.140.117
Roseanna,Beebe,rbeebem4@ning.com,Female,49.19.156.159
Olivette,Appleford,oapplefordm5@boston.com,Female,234.37.78.164
Candie,Brandassi,cbrandassim6@msn.com,Female,232.106.247.162
Jimmy,Pipet,jpipetm7@naver.com,Male,56.251.8.183
Eliot,Alcido,ealcidom8@ca.gov,Male,80.104.160.177
Arri,Catterick,acatterickm9@thetimes.co.uk,Male,252.219.74.147
Garik,Cornbell,gcornbellma@google.ru,Male,214.94.248.55
Ferris,Collingridge,fcollingridgemb@vinaora.com,Male,47.115.106.133
Tessi,Riatt,triattmc@lulu.com,Female,61.172.127.97
Bell,Mengue,bmenguemd@delicious.com,Female,204.213.88.242
Marissa,Towne,mtowneme@twitter.com,Female,97.122.47.254
Genny,Ruegg,grueggmf@mac.com,Female,114.235.7.55
Lionello,Turnor,lturnormg@umn.edu,Male,55.189.183.143
Michal,Axon,maxonmh@rambler.ru,Bigender,45.54.138.41
Harwell,Drable,hdrablemi@infoseek.co.jp,Genderfluid,46.110.164.135
Pattie,Ughini,pughinimj@skype.com,Male,26.50.152.162
Gavin,Tregea,gtregeamk@weebly.com,Bigender,60.30.237.72
Niall,Poley,npoleyml@upenn.edu,Male,147.164.58.228
Lauritz,Ellse,lellsemm@jigsy.com,Male,231.129.182.109
Ardyth,Ciabatteri,aciabatterimn@sourceforge.net,Female,183.190.223.93
Flo,Bennion,fbennionmo@dropbox.com,Female,110.106.125.15
Neala,Vasey,nvaseymp@wunderground.com,Female,23.212.254.234
Sidney,McPake,smcpakemq@cbsnews.com,Male,89.183.254.89
Zacharie,Stanyan,zstanyanmr@nih.gov,Male,23.97.111.205
Clyde,Shouler,cshoulerms@xing.com,Male,0.33.194.151
Edna,Agar,eagarmt@google.com.br,Female,75.24.125.202
Martina,Fulep,mfulepmu@prweb.com,Female,210.4.22.250
Pedro,Aronin,paroninmv@examiner.com,Male,109.198.226.213
Umberto,Overland,uoverlandmw@wufoo.com,Male,205.252.124.193
Shaun,Simoncini,ssimoncinimx@bigcartel.com,Non-binary,129.4.129.189
Bengt,Thomsson,bthomssonmy@eepurl.com,Male,195.242.118.60
Scotti,Fawdrey,sfawdreymz@nature.com,Male,213.252.179.150
Tildy,Palfree,tpalfreen0@go.com,Female,127.86.238.94
Jakob,Lethcoe,jlethcoen1@dailymail.co.uk,Male,208.43.171.23
Perri,Byfield,pbyfieldn2@nih.gov,Female,21.57.183.25
Janessa,Grane,jgranen3@about.com,Female,168.57.3.127
Michelle,Collcott,mcollcottn4@cyberchimps.com,Female,2.172.152.22
Gill,Grier,ggriern5@ca.gov,Male,163.164.171.86
Hugibert,Rosedale,hrosedalen6@wikia.com,Male,194.168.16.79
Katee,Salzburg,ksalzburgn7@spotify.com,Female,179.182.189.54
Kirbie,Van den Hof,kvandenhofn8@youku.com,Female,174.80.124.45
Zena,McGeachy,zmcgeachyn9@goodreads.com,Female,152.135.163.118
Tom,Defrain,tdefrainna@feedburner.com,Male,159.240.246.207
Briney,Biesterfeld,bbiesterfeldnb@princeton.edu,Female,56.194.20.35
Lewiss,Fautley,lfautleync@devhub.com,Male,165.53.23.81
Noah,Frantzeni,nfrantzenind@about.com,Male,142.188.138.157
Rebbecca,Landells,rlandellsne@google.co.jp,Female,179.84.92.73
Stephine,MacElharge,smacelhargenf@ucsd.edu,Female,99.208.51.252
Virgina,Taleworth,vtaleworthng@ihg.com,Female,187.39.114.112
Nellie,Load,nloadnh@nbcnews.com,Female,120.236.39.219
Elvera,Pridding,epriddingni@hostgator.com,Female,189.71.191.22
Herb,De Bischop,hdebischopnj@taobao.com,Male,167.176.105.180
Veronike,Lune,vlunenk@earthlink.net,Female,149.137.217.6
Fran,Zapata,fzapatanl@economist.com,Male,165.188.140.222
Cecilius,Ambrosetti,cambrosettinm@theguardian.com,Male,113.165.217.240
Hildagarde,Lampel,hlampelnn@is.gd,Genderfluid,79.171.158.26
Ryun,Gibbett,rgibbettno@wikimedia.org,Male,83.167.206.119
Doretta,Arrundale,darrundalenp@theglobeandmail.com,Female,19.74.162.123
Elwood,Knox,eknoxnq@cloudflare.com,Male,54.53.85.58
Loy,Beckford,lbeckfordnr@360.cn,Male,53.134.17.1
Levy,Lestor,llestorns@wordpress.com,Male,168.62.103.33
Shaylynn,Scannell,sscannellnt@t-online.de,Female,176.106.206.230
Derron,Elnough,delnoughnu@stanford.edu,Male,166.48.13.148
Jyoti,Martill,jmartillnv@reuters.com,Female,123.97.187.181
Shurwood,Neising,sneisingnw@themeforest.net,Male,25.9.166.238
Aldwin,Maren,amarennx@miibeian.gov.cn,Male,50.54.160.229
Alfie,Candish,acandishny@yandex.ru,Male,217.62.13.179
Nichole,Cella,ncellanz@slate.com,Male,11.21.254.198
Celine,Noorwood,cnoorwoodo0@java.com,Female,181.2.145.83
Cesya,Corbert,ccorberto1@ning.com,Female,180.133.156.251
Rozanna,Rigge,rriggeo2@blogspot.com,Female,68.206.60.52
Chauncey,Schroter,cschrotero3@alexa.com,Male,33.179.48.173
Lanita,Altamirano,laltamiranoo4@accuweather.com,Female,100.206.187.132
Celestia,Saward,csawardo5@dmoz.org,Female,130.174.47.176
Abie,Lindberg,alindbergo6@ezinearticles.com,Male,86.186.180.237
Libby,Booty,lbootyo7@ucoz.ru,Female,140.94.60.5
Pincus,Braiden,pbraideno8@mail.ru,Male,64.117.238.215
Arnold,Labbati,alabbatio9@digg.com,Male,187.118.180.149
Kyle,Walsom,kwalsomoa@patch.com,Male,201.186.181.120
Davidson,Collibear,dcollibearob@webs.com,Male,74.95.86.64
Giacopo,Soppit,gsoppitoc@netvibes.com,Male,127.137.117.211
Dave,Heintsch,dheintschod@usa.gov,Male,210.47.224.9
Diane-marie,Dami,ddamioe@gnu.org,Female,144.209.239.187
Herminia,Lau,hlauof@telegraph.co.uk,Female,99.108.33.43
Dian,Toynbee,dtoynbeeog@opera.com,Female,96.42.43.115
Niccolo,Compford,ncompfordoh@hubpages.com,Male,219.46.70.219
Oates,Minett,ominettoi@digg.com,Male,129.112.14.93
Francoise,MacRinn,fmacrinnoj@dailymotion.com,Agender,185.193.138.246
Clarice,Zini,cziniok@cnet.com,Non-binary,139.120.159.242
Willem,Ibberson,wibbersonol@cpanel.net,Male,35.187.54.199
Gilles,Wildes,gwildesom@vkontakte.ru,Male,109.162.139.199
Major,O' Cloney,mocloneyon@europa.eu,Male,43.109.176.207
Vick,Baxstair,vbaxstairoo@studiopress.com,Male,51.206.145.130
Justin,Sicha,jsichaop@mtv.com,Male,159.32.131.144
Garald,Barlas,gbarlasoq@cdc.gov,Male,45.250.245.119
Franky,Goodred,fgoodredor@constantcontact.com,Male,65.165.80.183
Roobbie,McNeilley,rmcneilleyos@pcworld.com,Female,170.122.116.127
Isidro,De Witt,idewittot@washington.edu,Male,201.187.163.202
Brew,Habden,bhabdenou@wordpress.org,Male,16.221.134.198
Pansie,Spenton,pspentonov@feedburner.com,Female,164.31.159.131
Jessee,Benko,jbenkoow@scientificamerican.com,Male,91.141.110.65
Gavin,Persey,gperseyox@wired.com,Male,111.229.165.148
Colin,Stile,cstileoy@telegraph.co.uk,Genderqueer,160.73.98.59
Tedmund,Johananoff,tjohananoffoz@icio.us,Male,177.215.43.71
Judi,Stallworthy,jstallworthyp0@archive.org,Female,47.60.204.84
Murray,Brenton,mbrentonp1@de.vu,Male,102.223.148.126
Aidan,Divver,adivverp2@php.net,Genderqueer,97.221.253.48
Dare,Zieme,dziemep3@php.net,Male,1.79.70.57
Maud,Jerrard,mjerrardp4@privacy.gov.au,Female,191.222.56.174
Noll,Garter,ngarterp5@google.it,Male,14.161.45.181
Jaquenetta,Mungane,jmunganep6@csmonitor.com,Female,63.36.105.206
Merline,Bentsen,mbentsenp7@cdbaby.com,Female,54.78.185.136
Jaymie,Bottoms,jbottomsp8@businesswire.com,Male,255.191.76.110
Andi,Salmond,asalmondp9@sourceforge.net,Female,98.242.75.183
Bryan,Killoran,bkilloranpa@blogspot.com,Male,56.250.202.134
Aylmer,Milburne,amilburnepb@nymag.com,Male,244.54.207.80
Lindsey,Farndell,lfarndellpc@163.com,Polygender,162.159.14.39
Odelinda,Matresse,omatressepd@1und1.de,Genderfluid,74.8.244.249
Sinclair,Eagell,seagellpe@cisco.com,Male,73.96.93.199
Maximo,Scamadine,mscamadinepf@independent.co.uk,Male,7.179.178.197
Clarance,Raymond,craymondpg@spiegel.de,Male,33.130.203.135
Lyell,Seson,lsesonph@rakuten.co.jp,Male,179.157.235.15
Rossie,Mumbray,rmumbraypi@archive.org,Male,65.114.170.197
Nissa,O'Heneghan,noheneghanpj@nifty.com,Female,103.182.153.106
Hermie,Devanny,hdevannypk@gov.uk,Male,159.216.242.69
Noell,Jeanequin,njeanequinpl@wikia.com,Female,86.115.187.187
Binnie,Kristof,bkristofpm@ow.ly,Bigender,44.101.230.59
Karole,Friberg,kfribergpn@bloglines.com,Female,175.223.226.176
Drew,MacTeague,dmacteaguepo@posterous.com,Male,233.116.79.71
Baxy,Basson,bbassonpp@acquirethisname.com,Male,64.190.127.152
Eduino,Janusik,ejanusikpq@slate.com,Male,148.239.133.73
Mark,Burtt,mburttpr@bloomberg.com,Male,9.75.105.229
Maryanne,Tommeo,mtommeops@discovery.com,Female,188.84.175.82
Sly,Tellenbroker,stellenbrokerpt@state.gov,Male,213.141.156.159
Melissa,Menpes,mmenpespu@wp.com,Female,129.192.36.173
Rosalind,MacGragh,rmacgraghpv@mashable.com,Female,185.150.185.212
Claudie,Filmer,cfilmerpw@opera.com,Female,103.108.148.30
Chadwick,Slyne,cslynepx@4shared.com,Male,249.41.94.115
Saloma,Richarson,sricharsonpy@barnesandnoble.com,Female,123.114.90.255
Seward,Varian,svarianpz@berkeley.edu,Male,207.135.26.209
Karola,Bewley,kbewleyq0@earthlink.net,Female,121.173.1.45
Nathanael,Saggers,nsaggersq1@cafepress.com,Male,13.36.18.26
Jenine,Van der Son,jvandersonq2@miitbeian.gov.cn,Female,45.233.131.227
Sheela,Eskriet,seskrietq3@earthlink.net,Female,85.149.72.65
Brigida,Wilshere,bwilshereq4@usda.gov,Female,183.95.97.19
Giovanni,Izzatt,gizzattq5@boston.com,Male,58.93.178.22
Hermy,Yanshonok,hyanshonokq6@nymag.com,Male,43.102.25.121
Durward,Ropars,droparsq7@drupal.org,Male,106.112.46.16
Jarad,Henric,jhenricq8@geocities.com,Male,142.243.120.239
Kile,Tettersell,ktettersellq9@amazon.co.uk,Male,221.98.148.119
Sacha,Womack,swomackqa@cyberchimps.com,Female,0.243.26.253
Haley,Startin,hstartinqb@bigcartel.com,Male,204.34.13.71
Damien,Lesek,dlesekqc@facebook.com,Male,66.199.36.60
Stefa,Allsworth,sallsworthqd@e-recht24.de,Female,34.136.184.3
Gareth,Stobart,gstobartqe@geocities.jp,Male,212.211.197.115
Barbette,McCumesky,bmccumeskyqf@meetup.com,Female,52.75.219.240
Annamarie,Lillie,alillieqg@netvibes.com,Female,178.242.122.0
Nevsa,Chittie,nchittieqh@umn.edu,Female,45.242.207.254
Corty,Glaysher,cglaysherqi@amazon.co.jp,Male,23.238.149.68
Tripp,Collishaw,tcollishawqj@huffingtonpost.com,Male,34.66.74.132
Cleavland,Rumble,crumbleqk@marriott.com,Male,195.198.226.162
Valentijn,Tapsell,vtapsellql@earthlink.net,Male,168.19.16.74
Nixie,Daleman,ndalemanqm@google.com.br,Female,196.187.5.202
Grover,Ratnege,gratnegeqn@engadget.com,Male,247.191.222.107
Stephana,McCumskay,smccumskayqo@i2i.jp,Agender,200.189.146.156
Gabriel,Keppie,gkeppieqp@google.ru,Bigender,203.184.29.101
Alf,Myrick,amyrickqq@intel.com,Male,65.98.222.215
Lorie,Baldelli,lbaldelliqr@home.pl,Genderqueer,187.13.20.220
Taylor,Snailham,tsnailhamqs@example.com,Male,25.238.221.170
Glynis,La Croce,glacroceqt@google.fr,Female,57.64.32.240
Jilleen,Joly,jjolyqu@shinystat.com,Female,183.148.206.26
Minny,Chessell,mchessellqv@livejournal.com,Female,89.45.161.186
Rodrick,Danslow,rdanslowqw@canalblog.com,Male,84.147.97.148
Olivier,Bispo,obispoqx@cpanel.net,Polygender,157.49.76.80
Erena,Slight,eslightqy@imageshack.us,Female,254.226.181.101
Karita,De Simone,kdesimoneqz@phpbb.com,Female,78.134.9.206
Gifford,Bubbings,gbubbingsr0@ow.ly,Male,244.104.180.82
Margarete,Steger,mstegerr1@usa.gov,Female,191.168.39.84
Allen,Mulmuray,amulmurayr2@reverbnation.com,Bigender,233.166.75.6
Eddy,McOwan,emcowanr3@scribd.com,Female,43.143.117.219
Nikoletta,Di Filippo,ndifilippor4@networksolutions.com,Female,176.130.27.35
Charmine,Tregent,ctregentr5@go.com,Female,28.82.187.154
Coraline,Blasli,cblaslir6@taobao.com,Female,143.122.229.81
Camey,Rigg,criggr7@hexun.com,Male,13.159.84.132
Constantina,Nellis,cnellisr8@nih.gov,Female,13.98.134.85
Benedetta,MacMakin,bmacmakinr9@jiathis.com,Female,213.197.40.140
Marlowe,Osmint,mosmintra@unicef.org,Male,139.89.229.107
Desi,Font,dfontrb@liveinternet.ru,Male,223.41.9.153
Madel,Gerger,mgergerrc@earthlink.net,Female,64.196.128.228
Lavena,Lorrimer,llorrimerrd@amazon.co.uk,Female,31.139.11.198
Collen,Ribeiro,cribeirore@psu.edu,Female,71.56.252.239
Raoul,Witty,rwittyrf@si.edu,Polygender,0.147.47.42
Jennica,Francisco,jfranciscorg@dedecms.com,Female,94.24.38.68
Olav,Gilchrest,ogilchrestrh@microsoft.com,Male,127.228.121.247
Bartolemo,Poter,bpoterri@google.co.uk,Male,88.210.251.214
Preston,Pilipyak,ppilipyakrj@godaddy.com,Male,223.136.105.10
Gail,Rothchild,grothchildrk@cbc.ca,Non-binary,23.211.130.62
Pippo,Hamprecht,phamprechtrl@smh.com.au,Male,147.18.99.39
Emlen,Genge,egengerm@google.com,Male,225.180.226.167
Theresina,Sommerling,tsommerlingrn@google.co.uk,Female,32.18.248.122
Mata,Cerman,mcermanro@hp.com,Male,76.60.86.18
Paolo,Croshaw,pcroshawrp@purevolume.com,Male,244.183.158.146
Cassaundra,Gilbert,cgilbertrq@clickbank.net,Female,201.9.122.204
Sandie,Boyen,sboyenrr@prnewswire.com,Bigender,82.164.229.186
