first_name,last_name,email,gender,ip_address
Spenser,Howsley,showsley0@java.com,Male,59.57.129.113
Willie,Chaperlin,wchaperlin1@loc.gov,Male,243.4.63.48
Niven,Playdon,nplaydon2@usnews.com,Male,38.4.26.79
Rancell,Spray,rspray3@vk.com,Male,143.22.6.169
Adeline,A'field,aafield4@jalbum.net,Female,242.35.68.240
Winonah,Hinchon,whinchon5@usnews.com,Genderqueer,107.175.253.106
Lusa,Burde,lburde6@opera.com,Female,165.32.251.65
Corny,Millberg,cmillberg7@youtube.com,Female,45.164.236.92
Hedwig,Norcliff,hnorcliff8@unicef.org,Female,5.46.144.33
Dacey,Grishagin,dgrishagin9@tmall.com,Female,99.184.22.63
Zelda,Blindt,zblindta@photobucket.com,Female,164.132.255.181
King,Doerling,kdoerlingb@zimbio.com,Male,17.26.79.195
Constantia,Twoohy,ctwoohyc@flavors.me,Female,31.221.12.2
Chrisy,Abotson,cabotsond@princeton.edu,Male,185.52.163.138
Devonne,Briamo,dbriamoe@tmall.com,Polygender,240.230.59.168
Herman,Cuer,hcuerf@naver.com,Male,23.95.143.167
Kristian,Muldownie,kmuldownieg@hp.com,Male,78.174.204.200
Jonathan,Giron,jgironh@amazon.de,Male,32.38.145.99
Quintina,Andrivot,qandrivoti@zdnet.com,Female,71.68.220.162
Temple,Dyster,tdysterj@cnbc.com,Polygender,133.53.81.33
Francklin,Pinkney,fpinkneyk@chicagotribune.com,Male,22.222.120.190
Urson,Nilles,unillesl@privacy.gov.au,Male,74.158.165.41
Jeth,Blampey,jblampeym@blogger.com,Male,231.161.220.142
Gillie,Swarbrick,gswarbrickn@theglobeandmail.com,Bigender,2.120.49.134
Hillery,Yarnton,hyarntono@skype.com,Male,149.160.31.79
Essy,Tune,etunep@cbc.ca,Female,150.165.131.219
Veda,Fritter,vfritterq@youtube.com,Female,8.121.170.137
Abbey,Ashleigh,aashleighr@about.me,Male,53.174.198.20
Stearne,Handman,shandmans@homestead.com,Male,172.50.9.86
Patty,Mackilpatrick,pmackilpatrickt@linkedin.com,Female,57.2.92.11
Hoebart,Harlock,hharlocku@over-blog.com,Male,69.58.241.13
Daniel,Astie,dastiev@uiuc.edu,Male,56.213.156.103
Marlane,Paulat,mpaulatw@storify.com,Female,8.167.179.79
Meryl,Lyptrade,mlyptradex@globo.com,Female,253.220.190.253
Catlaina,Bratt,cbratty@ucsd.edu,Female,15.107.134.25
Joelly,Bernini,jberniniz@ibm.com,Female,166.147.114.35
Ingaborg,Molen,imolen10@cisco.com,Female,67.73.197.48
Janna,Safont,jsafont11@joomla.org,Female,14.136.35.184
Courtnay,McMillam,cmcmillam12@china.com.cn,Female,47.222.232.38
Nanni,Avrahamian,navrahamian13@skyrock.com,Female,65.197.16.47
Kylen,Cerro,kcerro14@kickstarter.com,Female,116.200.137.7
Auguste,Daniel,adaniel15@upenn.edu,Female,146.2.7.195
Deloris,MacFall,dmacfall16@eventbrite.com,Female,137.244.106.49
Clevey,Stirling,cstirling17@alexa.com,Male,70.140.163.232
Anthony,Smalley,asmalley18@yahoo.co.jp,Male,48.77.64.100
Rosabella,Stainbridge,rstainbridge19@php.net,Female,35.70.107.0
Shannen,Kaubisch,skaubisch1a@ucsd.edu,Female,191.170.80.231
Dario,Ziemecki,dziemecki1b@engadget.com,Male,72.218.99.239
Elita,Flint,eflint1c@theguardian.com,Female,185.188.127.59
Tremain,O'Carrol,tocarrol1d@cpanel.net,Male,158.228.69.181
Harrietta,McAndie,hmcandie1e@edublogs.org,Polygender,36.154.229.39
Nial,Wrinch,nwrinch1f@alibaba.com,Male,92.238.246.14
Maynard,Tolan,mtolan1g@webeden.co.uk,Male,101.26.4.234
Lanny,Basilone,lbasilone1h@dropbox.com,Male,135.161.13.147
Bellina,Zincke,bzincke1i@berkeley.edu,Female,127.189.214.204
Bank,Benley,bbenley1j@etsy.com,Genderfluid,42.228.127.123
Enrico,Chansonne,echansonne1k@devhub.com,Male,222.197.227.77
Luther,Borsnall,lborsnall1l@odnoklassniki.ru,Male,109.220.124.236
Gael,Childrens,gchildrens1m@opensource.org,Genderqueer,233.224.107.61
Francoise,Ondrus,fondrus1n@linkedin.com,Female,164.87.194.228
Ugo,Mossom,umossom1o@networkadvertising.org,Male,245.238.84.119
Emmott,Mateu,emateu1p@aol.com,Male,59.189.83.87
Joela,Proffitt,jproffitt1q@economist.com,Female,253.11.118.216
Kendricks,Rummer,krummer1r@trellian.com,Male,44.175.46.224
Brion,Bloss,bbloss1s@un.org,Male,172.42.113.13
Care,Piquard,cpiquard1t@com.com,Male,112.166.107.169
Debera,Sizeland,dsizeland1u@netvibes.com,Female,228.255.182.41
Zaccaria,Creasy,zcreasy1v@lycos.com,Genderfluid,170.18.103.139
Roxie,Marioneau,rmarioneau1w@nasa.gov,Female,246.26.135.142
Terrill,MacDonogh,tmacdonogh1x@squidoo.com,Male,0.137.254.49
Ilario,Stanistrete,istanistrete1y@timesonline.co.uk,Male,94.142.184.100
Guthrey,Casserly,gcasserly1z@baidu.com,Male,1.148.133.136
Steve,Lutman,slutman20@utexas.edu,Male,22.203.255.187
Isacco,Whittall,iwhittall21@desdev.cn,Male,226.158.82.6
Shepard,Noor,snoor22@kickstarter.com,Agender,20.75.9.113
Seamus,McCrow,smccrow23@state.tx.us,Male,228.239.112.128
Walliw,Gaddes,wgaddes24@aboutads.info,Female,62.43.160.210
Cara,Boyett,cboyett25@independent.co.uk,Female,137.16.31.186
Leopold,Branwhite,lbranwhite26@dailymail.co.uk,Non-binary,11.82.40.26
Rik,Dewey,rdewey27@irs.gov,Male,79.134.107.75
Winifield,Ferencz,wferencz28@upenn.edu,Male,240.83.29.227
Jeremy,Sibbet,jsibbet29@army.mil,Genderfluid,185.26.184.4
Glendon,Pumphrey,gpumphrey2a@bandcamp.com,Male,146.165.82.199
Lynnelle,Branney,lbranney2b@google.com.hk,Female,170.192.140.199
Jannelle,Killoran,jkilloran2c@example.com,Female,31.103.179.181
Leelah,Dzenisenka,ldzenisenka2d@hubpages.com,Agender,55.34.25.12
Devy,Treuge,dtreuge2e@comsenz.com,Male,177.4.139.203
Norrie,Meade,nmeade2f@berkeley.edu,Male,212.107.110.155
Xever,Calderon,xcalderon2g@slate.com,Male,31.143.83.70
Shelby,Bader,sbader2h@nationalgeographic.com,Male,114.185.120.112
Bekki,Spurdens,bspurdens2i@newyorker.com,Polygender,4.83.239.137
Randolf,Gutsell,rgutsell2j@over-blog.com,Male,235.36.161.236
Dixie,Wharram,dwharram2k@indiegogo.com,Female,142.245.149.219
Kimberley,Noke,knoke2l@hc360.com,Female,222.192.198.20
Lynn,Henzer,lhenzer2m@aboutads.info,Male,131.161.10.213
Myriam,Vockings,mvockings2n@dell.com,Non-binary,226.179.208.173
Carolyn,Coskerry,ccoskerry2o@squarespace.com,Female,116.84.146.112
Curtis,Boal,cboal2p@boston.com,Male,28.96.66.101
Eldon,Merner,emerner2q@skype.com,Male,252.49.40.190
Rosabella,Pieter,rpieter2r@1und1.de,Female,83.48.123.165
Ophelia,Hoyt,ohoyt2s@economist.com,Female,87.132.107.60
Clementia,Abden,cabden2t@hao123.com,Female,107.94.128.166
Syd,Tiernan,stiernan2u@smugmug.com,Male,21.33.92.211
Alwin,Haldon,ahaldon2v@mit.edu,Male,145.70.111.10
Benedikt,O'Drought,bodrought2w@reuters.com,Male,6.58.146.7
Rad,Gabala,rgabala2x@sphinn.com,Male,193.159.125.184
Ferrell,Van der Velden,fvandervelden2y@wired.com,Male,44.134.58.210
Constantin,Agar,cagar2z@geocities.com,Male,73.48.42.138
Sandra,O'Shavlan,soshavlan30@comcast.net,Female,230.152.71.135
Rosaline,Walliker,rwalliker31@amazon.co.uk,Genderfluid,156.9.60.99
Anselma,Scarr,ascarr32@foxnews.com,Female,137.88.105.53
Alexandros,Emmett,aemmett33@bravesites.com,Male,236.99.67.185
Bobina,Manolov,bmanolov34@harvard.edu,Female,129.127.241.207
Gabriela,Skipperbottom,gskipperbottom35@unblog.fr,Female,251.247.155.232
Rheta,Nardoni,rnardoni36@bing.com,Non-binary,29.24.86.76
Dynah,Edlyn,dedlyn37@feedburner.com,Female,224.221.106.82
Lanita,Sesser,lsesser38@squarespace.com,Female,99.49.163.174
Shurlocke,Stapels,sstapels39@weebly.com,Male,226.163.109.175
Tybalt,Herculeson,therculeson3a@theguardian.com,Male,9.19.120.146
West,Bowdon,wbowdon3b@marketwatch.com,Male,251.83.139.231
Orazio,Stubbins,ostubbins3c@xrea.com,Male,23.84.7.254
Stearne,Erbe,serbe3d@apache.org,Male,140.189.174.70
Sayres,Karpov,skarpov3e@histats.com,Male,99.232.171.141
Morlee,Beebee,mbeebee3f@sbwire.com,Male,207.91.84.254
Inger,Banasevich,ibanasevich3g@mapquest.com,Male,116.30.84.51
Hayden,Oosthout de Vree,hoosthoutdevree3h@uol.com.br,Male,86.187.43.230
Heindrick,O'Connor,hoconnor3i@squidoo.com,Male,109.153.207.53
Garvin,Boyson,gboyson3j@unc.edu,Male,50.162.184.92
Mayor,Moakler,mmoakler3k@discovery.com,Male,166.177.108.97
Boone,Still,bstill3l@google.it,Male,52.0.131.116
Roxane,Breadmore,rbreadmore3m@forbes.com,Genderfluid,206.0.196.212
Bryce,Royden,broyden3n@godaddy.com,Male,109.133.18.179
Melvyn,O'Hagerty,mohagerty3o@jalbum.net,Male,14.222.185.254
Geoffrey,Bockler,gbockler3p@ebay.co.uk,Genderqueer,254.69.48.207
Ciel,Bartalot,cbartalot3q@oaic.gov.au,Female,140.197.66.18
Fionna,Hassent,fhassent3r@shinystat.com,Female,222.141.119.110
Wildon,Hallwell,whallwell3s@upenn.edu,Male,251.107.90.154
Kania,Steet,ksteet3t@icq.com,Female,114.147.157.44
Allx,Doles,adoles3u@hexun.com,Female,116.170.152.14
Janey,Dunstone,jdunstone3v@eepurl.com,Female,230.156.74.177
Susana,Monckman,smonckman3w@google.de,Female,48.104.135.16
Gale,Gilkes,ggilkes3x@mtv.com,Female,117.160.160.158
Jillian,Vuittet,jvuittet3y@theguardian.com,Female,132.104.154.192
Herculie,Massingham,hmassingham3z@4shared.com,Male,184.101.129.182
Eolande,Blazevic,eblazevic40@mail.ru,Female,163.28.234.227
Wally,Gadson,wgadson41@cornell.edu,Female,132.236.148.167
Freddy,Couldwell,fcouldwell42@chronoengine.com,Male,144.207.69.32
Jeramey,MacAllan,jmacallan43@weibo.com,Male,238.182.169.176
Madalena,Whates,mwhates44@dot.gov,Female,43.212.129.252
Humphrey,Matijasevic,hmatijasevic45@wiley.com,Male,218.145.196.208
Floyd,Guilliatt,fguilliatt46@histats.com,Male,226.21.75.56
Beitris,Dand,bdand47@hc360.com,Female,220.94.247.85
Anetta,Weiner,aweiner48@imgur.com,Female,27.32.231.218
Ailene,Franzotto,afranzotto49@arizona.edu,Female,224.6.99.48
Ynez,Finders,yfinders4a@umn.edu,Female,194.147.24.180
Evania,Chafney,echafney4b@time.com,Female,38.191.31.2
Darlleen,Bignal,dbignal4c@twitpic.com,Female,91.28.158.94
Kate,MacTeague,kmacteague4d@eepurl.com,Female,84.20.39.58
Haily,McGirl,hmcgirl4e@deviantart.com,Male,174.61.239.5
Bruno,Chevers,bchevers4f@livejournal.com,Male,225.139.137.8
Huntington,Coltart,hcoltart4g@sina.com.cn,Male,13.129.154.22
Lydie,Del Checolo,ldelchecolo4h@auda.org.au,Female,238.135.119.25
Goran,King,gking4i@cornell.edu,Male,122.45.196.198
Hervey,Petrozzi,hpetrozzi4j@cargocollective.com,Male,4.50.200.148
Randall,Compford,rcompford4k@whitehouse.gov,Male,25.158.167.106
Caesar,Gianulli,cgianulli4l@time.com,Male,111.162.138.110
Cinda,Hobell,chobell4m@nifty.com,Female,26.25.30.45
Tamarah,Skeen,tskeen4n@aboutads.info,Female,147.204.234.29
Bendicty,Horley,bhorley4o@about.me,Male,147.22.179.50
Shaine,Bissett,sbissett4p@sakura.ne.jp,Male,191.138.87.231
Sebastien,Burkart,sburkart4q@over-blog.com,Male,151.171.16.106
Jorgan,Barkess,jbarkess4r@hp.com,Male,82.245.39.27
Darin,Schroter,dschroter4s@arizona.edu,Male,138.40.199.173
Lyndsie,Barhems,lbarhems4t@stanford.edu,Female,39.255.83.172
Edgar,Gimblet,egimblet4u@etsy.com,Male,175.185.181.209
Kelila,Hincks,khincks4v@livejournal.com,Female,231.72.183.29
Ame,Dudill,adudill4w@wikipedia.org,Female,91.82.138.207
Granville,Renackowna,grenackowna4x@digg.com,Male,100.47.255.73
Keith,Pandie,kpandie4y@msu.edu,Male,1.47.96.89
Ali,Beggan,abeggan4z@salon.com,Male,223.31.15.27
Sydel,Wogden,swogden50@guardian.co.uk,Agender,216.61.167.110
Anderson,Febry,afebry51@amazon.de,Male,147.119.6.188
Any,Winsome,awinsome52@squidoo.com,Polygender,82.160.67.116
Eugenius,Caseborne,ecaseborne53@comcast.net,Male,166.222.241.10
Izaak,Longcake,ilongcake54@loc.gov,Male,201.222.221.194
Udale,Cherrison,ucherrison55@homestead.com,Male,250.156.182.84
Benoite,Kitchenman,bkitchenman56@deviantart.com,Female,9.52.82.145
Skipton,Standley,sstandley57@ow.ly,Male,184.167.131.43
Flemming,Broad,fbroad58@biblegateway.com,Polygender,62.124.115.120
Rad,Rosenboim,rrosenboim59@who.int,Male,235.97.181.122
Claybourne,Wytchard,cwytchard5a@google.co.uk,Male,91.174.189.63
Arther,McCluin,amccluin5b@hc360.com,Male,85.55.171.121
Celesta,Sermin,csermin5c@admin.ch,Female,166.244.79.63
Caitrin,Scarman,cscarman5d@ifeng.com,Female,193.125.135.250
Beryle,Pevsner,bpevsner5e@yahoo.com,Female,146.183.35.174
Dorisa,Whitehall,dwhitehall5f@mayoclinic.com,Female,151.202.247.125
Vania,Westbrook,vwestbrook5g@seattletimes.com,Genderfluid,162.46.115.30
Jo,Sturch,jsturch5h@comsenz.com,Female,235.166.165.46
Deidre,Naris,dnaris5i@umn.edu,Bigender,70.246.103.138
Filmer,Cadigan,fcadigan5j@ask.com,Genderqueer,29.27.52.1
Muhammad,Sconce,msconce5k@wired.com,Male,90.105.77.59
Cad,Lafaye,clafaye5l@ustream.tv,Male,164.210.59.146
Doll,Balazin,dbalazin5m@google.nl,Female,237.25.12.194
Cobb,Atte-Stone,cattestone5n@diigo.com,Male,147.33.102.10
Luke,Osgar,losgar5o@home.pl,Male,160.162.196.34
Niki,Bratton,nbratton5p@vkontakte.ru,Female,130.35.182.186
Georgette,Simonelli,gsimonelli5q@youku.com,Female,190.38.45.207
Cyb,Goodbar,cgoodbar5r@istockphoto.com,Female,1.128.122.92
Benita,Fruen,bfruen5s@army.mil,Female,66.2.250.242
Tammy,Feenan,tfeenan5t@indiatimes.com,Male,243.229.191.144
Sasha,Aleswell,saleswell5u@illinois.edu,Female,104.152.142.97
Brinn,Imlen,bimlen5v@si.edu,Female,151.85.3.113
Elvyn,Sigmund,esigmund5w@icio.us,Male,208.29.200.16
Faunie,Stanbra,fstanbra5x@artisteer.com,Female,219.234.205.197
Dory,Sanford,dsanford5y@va.gov,Female,171.246.213.204
Hyacinthe,Klosser,hklosser5z@ucoz.ru,Female,203.126.120.118
Breanne,Oloshin,boloshin60@ning.com,Female,171.13.214.251
Granville,Koschek,gkoschek61@oakley.com,Male,78.47.42.22
Parker,Chuck,pchuck62@addthis.com,Male,44.120.51.187
Yuma,Chansonne,ychansonne63@latimes.com,Male,149.210.73.18
Alonzo,McNickle,amcnickle64@csmonitor.com,Male,140.106.251.123
Thedrick,Cumesky,tcumesky65@xrea.com,Male,135.70.73.142
Lydon,Penman,lpenman66@homestead.com,Male,15.140.128.69
Coop,Timby,ctimby67@usa.gov,Male,101.138.240.250
Beatrisa,Matschke,bmatschke68@ocn.ne.jp,Female,244.231.252.124
Gabrila,Relton,grelton69@vk.com,Female,30.127.158.131
Wald,Verry,wverry6a@globo.com,Male,71.181.42.60
Roch,Powers,rpowers6b@irs.gov,Female,139.38.68.149
Tove,Bonnet,tbonnet6c@hc360.com,Agender,193.202.183.241
Bill,Calken,bcalken6d@rambler.ru,Polygender,94.150.5.143
Peta,Wincott,pwincott6e@angelfire.com,Female,70.207.247.205
Melita,Colebrook,mcolebrook6f@paginegialle.it,Female,95.80.19.40
Sam,Spriggs,sspriggs6g@pagesperso-orange.fr,Female,33.88.25.184
Ross,Chooter,rchooter6h@ucoz.ru,Male,19.125.11.117
Oralia,Hiom,ohiom6i@newyorker.com,Female,113.37.10.82
Sande,Gammill,sgammill6j@myspace.com,Female,110.167.146.139
Eugenia,Fishlee,efishlee6k@guardian.co.uk,Female,123.231.56.248
Wylma,Alvin,walvin6l@pbs.org,Female,104.64.217.94
Riane,Forst,rforst6m@blogtalkradio.com,Female,46.125.139.87
Nelli,Goathrop,ngoathrop6n@jiathis.com,Female,56.47.69.191
Ferguson,Beathem,fbeathem6o@flickr.com,Male,24.128.122.190
Ray,Mulqueeny,rmulqueeny6p@dell.com,Female,76.203.146.208
Sarah,Balazin,sbalazin6q@usgs.gov,Female,1.185.4.42
Susette,Vlies,svlies6r@symantec.com,Genderfluid,110.179.2.141
Brinn,Gaffney,bgaffney6s@state.gov,Female,84.116.209.34
Ephrem,Bewley,ebewley6t@illinois.edu,Male,234.250.229.20
Vere,Klain,vklain6u@topsy.com,Female,194.28.168.77
Delmor,Bratt,dbratt6v@storify.com,Male,248.151.230.189
Winnie,Baser,wbaser6w@ehow.com,Female,237.208.113.226
Rosamond,Palombi,rpalombi6x@lycos.com,Female,252.217.58.162
Wally,O'Brogane,wobrogane6y@cnn.com,Female,224.250.245.216
Kettie,Galton,kgalton6z@bandcamp.com,Female,75.228.115.207
Gnni,Bukac,gbukac70@timesonline.co.uk,Female,87.159.72.104
Lutero,Moyers,lmoyers71@ucoz.ru,Male,210.79.131.38
Klement,Barnsdale,kbarnsdale72@statcounter.com,Bigender,131.37.147.104
Schuyler,Pettwood,spettwood73@deviantart.com,Male,165.142.138.88
Issy,Cufley,icufley74@symantec.com,Female,73.253.213.98
Blinnie,Tinsey,btinsey75@theglobeandmail.com,Female,40.5.39.112
Neddy,Towsey,ntowsey76@cnn.com,Male,163.124.28.19
Perice,Emnoney,pemnoney77@arstechnica.com,Male,104.128.48.220
Bink,Woodyer,bwoodyer78@dailymotion.com,Male,18.254.208.166
Gaile,Kirwin,gkirwin79@mediafire.com,Polygender,232.102.180.59
Germaine,McClean,gmcclean7a@amazon.co.jp,Female,194.108.93.241
Inness,Viollet,iviollet7b@ow.ly,Male,231.132.123.240
Goldy,Fereday,gfereday7c@bbc.co.uk,Female,37.137.193.23
Elyn,Worsom,eworsom7d@myspace.com,Genderfluid,136.148.81.135
Adena,Fernandez,afernandez7e@trellian.com,Female,123.220.152.251
Niko,Hackforth,nhackforth7f@engadget.com,Male,28.132.210.77
Torin,Raise,traise7g@columbia.edu,Male,200.153.208.86
Meta,Beurich,mbeurich7h@irs.gov,Non-binary,131.86.190.215
Gwen,Minci,gminci7i@timesonline.co.uk,Female,166.45.173.107
Maren,Ivakhnov,mivakhnov7j@quantcast.com,Female,230.96.119.66
Tabb,Bagge,tbagge7k@cornell.edu,Male,161.180.193.166
Gregoor,Nowell,gnowell7l@npr.org,Male,208.93.115.57
Gibbie,Wickie,gwickie7m@dailymotion.com,Male,130.49.146.117
Fonsie,Saladino,fsaladino7n@prlog.org,Agender,139.232.78.69
Zerk,Querree,zquerree7o@arstechnica.com,Male,226.108.36.30
Mikol,Clilverd,mclilverd7p@stumbleupon.com,Male,172.20.155.224
Myles,Smeath,msmeath7q@ovh.net,Polygender,75.237.43.37
Fabian,Hansel,fhansel7r@nba.com,Male,27.37.70.158
Manya,Rawling,mrawling7s@bbb.org,Female,115.120.158.41
Angelika,Treadgold,atreadgold7t@amazon.co.jp,Female,222.79.255.154
Deena,Bru,dbru7u@gov.uk,Female,108.197.189.115
Spense,Crystal,scrystal7v@moonfruit.com,Male,100.73.135.41
Anselm,Wombwell,awombwell7w@jiathis.com,Male,145.122.198.102
Lark,Gniewosz,lgniewosz7x@fotki.com,Female,164.82.226.191
Gusella,Nelmes,gnelmes7y@cbc.ca,Female,231.14.110.91
Burke,Capnerhurst,bcapnerhurst7z@odnoklassniki.ru,Male,92.223.121.62
Teirtza,Paxforde,tpaxforde80@clickbank.net,Female,95.14.33.146
Albertina,Durbin,adurbin81@un.org,Female,33.101.136.69
Marillin,Ticehurst,mticehurst82@nyu.edu,Female,59.65.236.44
Ker,Habbijam,khabbijam83@paypal.com,Male,149.199.150.248
Latisha,Jovasevic,ljovasevic84@businessweek.com,Female,47.89.16.227
Rowney,Rangall,rrangall85@example.com,Male,211.106.85.74
Bobinette,Puddicombe,bpuddicombe86@mashable.com,Female,254.247.43.50
Marve,Horsey,mhorsey87@cdc.gov,Male,221.154.218.240
Darcy,Harmond,dharmond88@state.tx.us,Male,16.49.14.208
Florenza,Murrthum,fmurrthum89@multiply.com,Female,45.123.254.80
Vick,Dreng,vdreng8a@cmu.edu,Male,72.67.183.180
Darcy,Cappel,dcappel8b@ehow.com,Male,210.157.75.193
Massimiliano,Craik,mcraik8c@addtoany.com,Male,56.224.110.15
Corabel,Sturmey,csturmey8d@cloudflare.com,Female,105.108.168.149
Adamo,Perchard,aperchard8e@usgs.gov,Male,145.82.171.47
Arluene,Chatto,achatto8f@livejournal.com,Female,181.79.123.142
Aurel,Way,away8g@prweb.com,Female,19.65.67.238
Bowie,Alessandone,balessandone8h@sina.com.cn,Male,67.60.89.216
Mari,Oldridge,moldridge8i@boston.com,Female,171.195.77.234
Gabriela,Ciccotti,gciccotti8j@intel.com,Female,0.221.134.33
Brennan,Balint,bbalint8k@dailymotion.com,Agender,5.98.133.7
Roslyn,Bullerwell,rbullerwell8l@prlog.org,Female,22.160.119.236
Kaylee,McGraith,kmcgraith8m@blog.com,Female,255.234.253.126
Claudell,Tye,ctye8n@ebay.co.uk,Non-binary,144.126.225.202
Phillie,Abele,pabele8o@desdev.cn,Female,244.0.248.41
Drona,Parmley,dparmley8p@netvibes.com,Female,28.238.96.80
Matthias,Trewartha,mtrewartha8q@redcross.org,Male,235.147.144.134
Clim,Mahy,cmahy8r@homestead.com,Male,160.46.47.25
Misti,Leward,mleward8s@buzzfeed.com,Female,12.169.210.187
Conroy,Rough,crough8t@nbcnews.com,Male,47.89.78.173
Haydon,Pemble,hpemble8u@blogger.com,Male,151.179.55.220
Editha,Reed,ereed8v@yellowpages.com,Female,222.105.207.222
Phylis,Schneidar,pschneidar8w@plala.or.jp,Female,75.224.127.70
Balduin,Ackery,backery8x@t-online.de,Male,196.214.149.227
Bobby,Bebbell,bbebbell8y@go.com,Female,200.224.85.44
Vinnie,Devil,vdevil8z@cmu.edu,Male,231.219.163.242
Malchy,Klageman,mklageman90@wix.com,Male,68.179.240.244
Amabel,Adess,aadess91@wiley.com,Female,129.157.20.179
Maurita,Leal,mleal92@columbia.edu,Female,155.40.38.12
Evvie,Ciardo,eciardo93@squidoo.com,Female,144.59.34.109
Lannie,Sheaf,lsheaf94@dailymotion.com,Male,145.92.191.97
Maribelle,Lympany,mlympany95@gmpg.org,Female,82.37.2.12
Brinn,Pavlik,bpavlik96@webs.com,Female,188.137.158.172
Ardisj,Macias,amacias97@youtu.be,Female,135.34.143.128
Forrester,Baake,fbaake98@dyndns.org,Male,131.80.31.149
Jeno,Boughtflower,jboughtflower99@clickbank.net,Male,103.106.62.243
Jenine,Matej,jmatej9a@soup.io,Female,77.4.249.35
Letty,Buffy,lbuffy9b@altervista.org,Female,196.104.217.245
Florian,Laste,flaste9c@amazon.co.jp,Male,60.26.25.22
Mirna,Cometto,mcometto9d@wiley.com,Female,113.21.11.226
Gisella,Stuart,gstuart9e@rediff.com,Polygender,137.78.222.43
Meyer,Iddins,middins9f@taobao.com,Male,58.3.22.9
Darya,Nuschke,dnuschke9g@squarespace.com,Female,46.109.226.121
Dal,Deas,ddeas9h@ca.gov,Male,83.48.243.121
Riane,Fierro,rfierro9i@noaa.gov,Bigender,219.170.80.253
Cybil,Imorts,cimorts9j@theatlantic.com,Female,171.254.159.170
Jodee,Spick,jspick9k@mtv.com,Female,248.133.75.154
Pascal,Gilcriest,pgilcriest9l@cargocollective.com,Male,25.47.143.86
Donal,Ousley,dousley9m@digg.com,Male,234.184.198.254
Teddi,Tampion,ttampion9n@paypal.com,Female,32.189.147.47
Melita,Burman,mburman9o@cnbc.com,Female,3.237.189.130
Rowe,Goodsell,rgoodsell9p@nationalgeographic.com,Female,117.226.22.155
Verne,Duggen,vduggen9q@comcast.net,Male,108.124.27.99
Aurthur,Cheshire,acheshire9r@paypal.com,Male,147.227.82.70
Virgina,Boyack,vboyack9s@digg.com,Female,87.124.228.242
Meryl,Menloe,mmenloe9t@nsw.gov.au,Male,215.165.98.6
Inna,Lowrance,ilowrance9u@facebook.com,Female,47.62.241.69
Mimi,Bright,mbright9v@nps.gov,Female,107.71.73.249
Rhonda,Tweddle,rtweddle9w@oracle.com,Female,53.38.224.210
Becca,Mackin,bmackin9x@constantcontact.com,Female,56.143.75.80
Ellery,Dyos,edyos9y@msu.edu,Male,160.255.251.161
Ros,MacNamee,rmacnamee9z@blog.com,Female,122.80.158.221
Gus,Easlea,geasleaa0@howstuffworks.com,Male,251.54.231.233
Mort,Bromehead,mbromeheada1@wordpress.com,Male,177.128.127.127
Lyn,Camplin,lcamplina2@unicef.org,Male,210.98.215.129
Noble,Farrand,nfarranda3@loc.gov,Male,222.52.25.48
Miquela,Gosswell,mgosswella4@vimeo.com,Female,113.179.131.154
Andrew,Loisi,aloisia5@over-blog.com,Male,103.32.104.102
Skipp,Quye,squyea6@youtu.be,Male,174.110.133.0
Davis,Guillot,dguillota7@about.me,Male,166.100.165.163
Elfie,Solomon,esolomona8@is.gd,Female,102.201.89.228
Iosep,Christophle,ichristophlea9@merriam-webster.com,Male,136.200.210.58
Zilvia,Shelper,zshelperaa@senate.gov,Female,31.158.37.106
Tiebout,Synan,tsynanab@time.com,Male,201.196.219.212
Nadean,Harrigan,nharriganac@wufoo.com,Female,23.134.63.87
Esma,Coultard,ecoultardad@nps.gov,Female,200.155.130.41
Perkin,Rainford,prainfordae@hubpages.com,Male,155.218.139.255
Ichabod,Ranshaw,iranshawaf@xing.com,Male,183.238.109.0
Lucienne,Vitet,lvitetag@statcounter.com,Female,41.214.147.244
Bevin,Sarjant,bsarjantah@wired.com,Male,150.43.55.175
Dorothea,Evitts,devittsai@free.fr,Female,172.187.90.52
Saleem,Barracks,sbarracksaj@auda.org.au,Male,83.155.65.40
Nappie,Nellen,nnellenak@flavors.me,Male,215.40.181.48
Kermie,Conquer,kconqueral@fotki.com,Male,26.221.209.130
Lindsy,Hammerich,lhammericham@themeforest.net,Female,44.232.31.76
Cristabel,Sedgemond,csedgemondan@pcworld.com,Female,103.120.207.63
Sela,McRorie,smcrorieao@multiply.com,Female,193.80.40.225
Averill,Trownson,atrownsonap@themeforest.net,Male,25.188.199.64
Chaunce,Freegard,cfreegardaq@dagondesign.com,Male,78.67.71.100
Edgar,Lees,eleesar@google.ca,Male,222.236.235.107
Amara,Lockie,alockieas@w3.org,Female,58.243.151.173
Demetrius,Naris,dnarisat@archive.org,Male,174.150.215.80
Doris,McGettrick,dmcgettrickau@furl.net,Female,194.87.181.36
Gawen,Paling,gpalingav@themeforest.net,Male,24.194.105.160
Lewie,Dannohl,ldannohlaw@infoseek.co.jp,Male,175.118.221.148
Harcourt,Kenen,hkenenax@ning.com,Male,5.97.108.63
Horten,Stihl,hstihlay@sakura.ne.jp,Male,95.113.143.126
Ravi,Ashcroft,rashcroftaz@reference.com,Genderfluid,57.72.173.247
Wallache,Weins,wweinsb0@google.com.br,Male,90.145.199.12
Asa,Tremberth,atremberthb1@gnu.org,Male,34.39.172.68
Anneliese,Puddan,apuddanb2@va.gov,Female,45.162.229.212
Lauri,Roath,lroathb3@ox.ac.uk,Female,120.28.34.81
Dario,Keld,dkeldb4@newyorker.com,Male,229.87.107.151
Cher,Tattershaw,ctattershawb5@ucsd.edu,Female,173.95.196.247
Iorgos,Eustis,ieustisb6@google.nl,Male,93.145.58.195
Beverlie,Crook,bcrookb7@geocities.com,Female,48.4.16.93
Selle,Fane,sfaneb8@ihg.com,Female,238.81.106.10
Andreas,Bhar,abharb9@pinterest.com,Male,111.40.21.0
Susana,Pearne,spearneba@sohu.com,Female,45.204.236.43
Paten,Garaway,pgarawaybb@latimes.com,Non-binary,157.16.138.252
Fraze,Garmey,fgarmeybc@amazonaws.com,Male,194.88.170.185
Renaud,Scutchin,rscutchinbd@chron.com,Male,121.119.88.32
Palm,Lynde,plyndebe@gnu.org,Male,140.11.238.137
Gib,Estcot,gestcotbf@msu.edu,Male,139.137.50.139
Sigismund,Proudman,sproudmanbg@amazon.com,Male,182.205.212.109
Berky,Fishe,bfishebh@t-online.de,Male,79.2.86.191
Gal,Stain,gstainbi@eepurl.com,Male,29.23.228.165
Mattie,McEvay,mmcevaybj@sakura.ne.jp,Male,140.46.144.10
Janaye,Nineham,jninehambk@redcross.org,Female,245.197.183.16
Allyce,McDade,amcdadebl@tamu.edu,Female,195.25.61.15
Celie,Cheverton,cchevertonbm@opera.com,Female,241.43.136.63
Gawen,Blyth,gblythbn@cisco.com,Genderfluid,13.11.57.184
Hale,Dusey,hduseybo@blogger.com,Male,141.237.233.147
Hervey,Phizaclea,hphizacleabp@msu.edu,Male,164.103.164.40
Erhart,Iowarch,eiowarchbq@biglobe.ne.jp,Male,24.229.11.138
Ki,Dorward,kdorwardbr@hp.com,Female,220.72.237.161
Theda,Wagner,twagnerbs@wikia.com,Female,237.78.83.71
Bartholomeus,Smalcombe,bsmalcombebt@accuweather.com,Male,198.217.98.202
Lari,Tommeo,ltommeobu@amazon.co.uk,Female,203.116.98.7
Luz,Vinick,lvinickbv@virginia.edu,Female,250.9.179.21
Prudy,Mongain,pmongainbw@bigcartel.com,Female,52.237.185.209
Forrester,Klemencic,fklemencicbx@godaddy.com,Male,72.120.135.125
Georgia,Izkovicz,gizkoviczby@xing.com,Female,39.5.186.95
Ezechiel,Cordery,ecorderybz@taobao.com,Male,137.70.127.86
Chiquita,des Remedios,cdesremediosc0@msn.com,Genderqueer,34.16.130.7
Louisa,Dalgarnowch,ldalgarnowchc1@artisteer.com,Female,10.57.220.59
Anitra,Winsom,awinsomc2@parallels.com,Female,83.91.86.45
Gasparo,Leel,gleelc3@ihg.com,Male,131.135.13.213
Bobbye,Maytom,bmaytomc4@usgs.gov,Polygender,154.224.30.143
Kristofor,Cockshot,kcockshotc5@xing.com,Male,35.96.71.147
Alyda,Scoggins,ascogginsc6@shutterfly.com,Female,74.94.57.106
Alexandr,Blinerman,ablinermanc7@sourceforge.net,Male,227.225.16.52
Maggie,Margram,mmargramc8@google.it,Female,43.218.77.107
Don,Pardon,dpardonc9@cocolog-nifty.com,Male,98.118.48.96
Willetta,Ferrar,wferrarca@answers.com,Female,102.16.206.163
Roda,Wooding,rwoodingcb@rediff.com,Female,77.160.180.200
Lisetta,Coronado,lcoronadocc@skyrock.com,Genderfluid,104.94.41.158
Avie,Andryunin,aandryunincd@dropbox.com,Genderqueer,66.27.43.26
Dew,Pragnall,dpragnallce@gravatar.com,Male,45.186.148.221
Christiano,Pascho,cpaschocf@meetup.com,Male,91.185.234.150
Pen,Lycett,plycettcg@paginegialle.it,Male,218.28.62.123
Astrid,Trynor,atrynorch@stumbleupon.com,Female,242.255.101.209
Dallon,Hain,dhainci@hubpages.com,Male,162.178.233.28
Hadleigh,Lehemann,hlehemanncj@ebay.com,Male,126.72.174.133
Alasteir,Burgyn,aburgynck@gov.uk,Polygender,57.230.47.86
Lettie,Huthart,lhuthartcl@ebay.com,Female,121.168.145.185
Rozamond,Wilderspoon,rwilderspooncm@about.me,Female,14.229.113.121
Care,Anslow,canslowcn@technorati.com,Male,214.115.204.46
Angelina,Shakesby,ashakesbyco@gizmodo.com,Female,7.117.106.159
Patrizius,Wastell,pwastellcp@bizjournals.com,Male,60.40.87.96
Ermanno,Vasilyev,evasilyevcq@ebay.co.uk,Male,47.60.96.47
Hobey,Magee,hmageecr@chicagotribune.com,Genderfluid,217.125.38.86
Edythe,Daily,edailycs@gmpg.org,Female,59.107.238.162
Franky,Robbs,frobbsct@hc360.com,Male,227.223.64.134
Clarita,Sinott,csinottcu@wordpress.org,Non-binary,165.207.255.225
Noella,Bilsland,nbilslandcv@paginegialle.it,Bigender,181.118.160.165
Bard,O'Curran,bocurrancw@imgur.com,Male,147.108.29.31
Lorene,Dimitrie,ldimitriecx@webs.com,Female,32.28.245.250
Millie,Fagan,mfagancy@bandcamp.com,Female,196.140.226.124
Freemon,Ruselin,fruselincz@rediff.com,Male,252.71.178.72
Jacynth,Gardiner,jgardinerd0@tinyurl.com,Female,155.180.195.160
Obadiah,Schermick,oschermickd1@t.co,Male,69.106.213.44
Basia,Fagge,bfagged2@spotify.com,Female,93.71.29.193
Fionnula,Witherow,fwitherowd3@nyu.edu,Female,76.77.16.39
Marne,Morffew,mmorffewd4@edublogs.org,Female,37.57.199.152
Dedie,Spadeck,dspadeckd5@umich.edu,Female,26.5.172.58
Wilt,Roberds,wroberdsd6@purevolume.com,Male,123.44.83.247
Birdie,Lumbley,blumbleyd7@acquirethisname.com,Female,162.3.21.254
Gordon,Aiskrigg,gaiskriggd8@opensource.org,Male,230.20.112.79
Davidson,FitzGilbert,dfitzgilbertd9@ebay.com,Male,209.164.35.200
Nestor,Bramelt,nbrameltda@tamu.edu,Male,242.173.84.199
Joelly,Illem,jillemdb@jugem.jp,Female,186.144.118.108
Allsun,Pelcheur,apelcheurdc@japanpost.jp,Genderfluid,23.0.74.66
Wye,Haney,whaneydd@hp.com,Male,221.148.156.151
Ware,Sutherns,wsuthernsde@pagesperso-orange.fr,Male,128.24.109.237
Jinny,Corrett,jcorrettdf@furl.net,Female,233.18.255.14
Charita,Cyphus,ccyphusdg@wikipedia.org,Female,201.159.253.192
Doria,Piper,dpiperdh@discovery.com,Female,35.242.199.212
Winny,Kerwen,wkerwendi@bbb.org,Female,85.213.240.17
Kim,Danet,kdanetdj@tuttocitta.it,Male,85.198.122.254
Corrinne,Depper,cdepperdk@amazon.co.uk,Female,175.155.185.202
Angelico,Billington,abillingtondl@dyndns.org,Male,59.115.190.14
Kaine,Kenefick,kkenefickdm@webmd.com,Non-binary,98.239.158.241
Gordy,Sarjent,gsarjentdn@live.com,Male,28.187.117.9
Travis,Harral,tharraldo@jalbum.net,Male,40.143.86.136
Sax,Easthope,seasthopedp@yahoo.com,Male,18.198.196.232
Durward,Divers,ddiversdq@behance.net,Male,164.110.19.74
Stanley,Glowacki,sglowackidr@google.com.br,Male,11.169.227.133
Heath,Logsdail,hlogsdailds@vkontakte.ru,Female,207.6.252.59
Karlik,Sephton,ksephtondt@livejournal.com,Male,98.123.102.188
Modesty,Beatson,mbeatsondu@rakuten.co.jp,Female,128.25.201.41
Lorne,Lacotte,llacottedv@soundcloud.com,Male,191.254.208.82
Allyn,Borrows,aborrowsdw@weibo.com,Genderqueer,110.19.6.251
Shay,Connew,sconnewdx@360.cn,Female,222.250.236.110
Melany,Chattaway,mchattawaydy@webnode.com,Female,113.190.184.146
Gregor,Sharma,gsharmadz@diigo.com,Male,133.174.10.6
Gerald,Megroff,gmegroffe0@theatlantic.com,Male,93.106.197.82
Carmencita,Pickerill,cpickerille1@pagesperso-orange.fr,Female,127.213.208.134
Darlleen,Screaton,dscreatone2@4shared.com,Female,82.204.242.101
Gaspard,Mytton,gmyttone3@smh.com.au,Male,141.182.118.13
Eberhard,Cubbon,ecubbone4@homestead.com,Male,101.55.61.150
Elmore,Mathis,emathise5@google.com.hk,Male,226.69.223.86
Jacklyn,Stancliffe,jstancliffee6@prlog.org,Female,158.46.194.197
Margarete,Verring,mverringe7@friendfeed.com,Female,44.42.67.158
Bax,Pinckney,bpinckneye8@paypal.com,Male,19.135.147.171
Kailey,Boar,kboare9@tripod.com,Female,192.221.34.146
Elmira,Pryer,epryerea@oaic.gov.au,Female,254.146.241.201
Vance,Golley,vgolleyeb@list-manage.com,Male,72.30.183.4
Kesley,Menichillo,kmenichilloec@clickbank.net,Female,72.40.98.166
Federica,Pogosian,fpogosianed@gizmodo.com,Female,120.76.255.22
Wilona,McNelis,wmcnelisee@disqus.com,Female,155.199.41.142
Larina,Fradson,lfradsonef@com.com,Female,19.13.213.129
Inglis,Heatley,iheatleyeg@xrea.com,Male,17.110.210.142
Shannah,Lauchlan,slauchlaneh@ed.gov,Female,146.186.237.149
Bay,Gavahan,bgavahanei@indiegogo.com,Male,226.58.5.195
Vikki,Spurman,vspurmanej@wikia.com,Female,199.189.221.38
Augustus,Antram,aantramek@rediff.com,Male,220.186.132.96
Rebbecca,Fagge,rfaggeel@apple.com,Female,205.127.190.189
Maggy,Ulyet,mulyetem@admin.ch,Female,51.142.36.155
Margareta,McGaffey,mmcgaffeyen@diigo.com,Female,17.216.127.197
Yale,Kennet,ykenneteo@accuweather.com,Male,39.31.225.252
Riordan,Raoux,rraouxep@seattletimes.com,Male,101.22.218.238
Xever,Parriss,xparrisseq@tinypic.com,Male,188.92.228.245
Marthe,Skeemer,mskeemerer@flavors.me,Female,229.89.204.13
Gloriana,Snap,gsnapes@is.gd,Female,254.222.249.194
Willabella,Siflet,wsifletet@deviantart.com,Female,51.4.73.163
Kalinda,Olyet,kolyeteu@netscape.com,Non-binary,101.24.7.84
Morris,Mattersley,mmattersleyev@hc360.com,Male,84.82.75.159
Miles,Brennans,mbrennansew@technorati.com,Male,205.240.164.233
Caroljean,Ivins,civinsex@virginia.edu,Female,244.102.234.34
Colin,Piddle,cpiddleey@fda.gov,Male,141.214.134.70
Poppy,Guenther,pguentherez@icq.com,Female,4.251.43.210
Jacky,Farens,jfarensf0@mit.edu,Male,81.235.54.122
Zach,Frankel,zfrankelf1@facebook.com,Male,249.90.224.180
Talia,Denge,tdengef2@dedecms.com,Bigender,60.255.69.206
Miof mela,Risbie,mrisbief3@engadget.com,Female,211.252.105.235
Tait,Garrals,tgarralsf4@kickstarter.com,Male,88.183.236.83
Charleen,Jephson,cjephsonf5@feedburner.com,Female,238.220.103.50
Coleen,Life,clifef6@oakley.com,Female,239.30.5.254
Sherry,Bengefield,sbengefieldf7@marketwatch.com,Female,122.212.23.43
Corny,Panter,cpanterf8@examiner.com,Female,22.46.251.64
Shelton,Benion,sbenionf9@over-blog.com,Male,91.13.171.12
Bendick,Imesson,bimessonfa@stumbleupon.com,Male,173.154.37.225
Astra,Ramplee,arampleefb@cnet.com,Female,48.170.156.229
Sebastiano,Kobus,skobusfc@edublogs.org,Genderqueer,128.19.158.193
Aurora,Scholtis,ascholtisfd@wsj.com,Female,202.233.78.160
Euell,Lemmers,elemmersfe@army.mil,Male,51.165.85.129
Kinsley,Cavet,kcavetff@cdbaby.com,Male,144.32.223.173
George,Youens,gyouensfg@toplist.cz,Female,6.86.0.58
Chrissie,Evamy,cevamyfh@yellowbook.com,Male,143.100.194.129
Rafaelita,Lawranson,rlawransonfi@java.com,Female,147.53.125.126
Clint,Corsor,ccorsorfj@prweb.com,Male,14.37.109.42
Beaufort,Searson,bsearsonfk@google.de,Male,190.109.49.222
Teodorico,Grewe,tgrewefl@technorati.com,Male,149.119.179.118
Von,Petruskevich,vpetruskevichfm@elpais.com,Male,67.239.86.179
Isacco,Lichfield,ilichfieldfn@nsw.gov.au,Male,159.117.167.142
Leonard,Barraclough,lbarracloughfo@unblog.fr,Male,186.50.236.205
Joline,Soppit,jsoppitfp@thetimes.co.uk,Female,33.222.115.168
Marlow,Steddall,msteddallfq@livejournal.com,Male,99.152.177.51
Bearnard,Coupland,bcouplandfr@hexun.com,Male,7.145.161.6
Leia,Alves,lalvesfs@amazon.co.uk,Female,64.255.196.74
Prinz,Skase,pskaseft@epa.gov,Male,216.58.254.159
Melvin,Pyvis,mpyvisfu@paginegialle.it,Male,17.199.81.110
Suzann,Vile,svilefv@google.nl,Genderfluid,253.234.156.13
Farah,Baccup,fbaccupfw@com.com,Female,90.25.58.248
Loren,Feenan,lfeenanfx@jiathis.com,Female,34.173.226.204
Baudoin,Hearl,bhearlfy@gizmodo.com,Male,24.247.25.159
Rhonda,Wallbank,rwallbankfz@g.co,Female,183.61.231.58
Zechariah,Bolton,zboltong0@clickbank.net,Male,191.200.164.200
Jocelyne,Petyakov,jpetyakovg1@aol.com,Polygender,99.170.192.175
Ariela,Riddel,ariddelg2@hubpages.com,Female,191.227.219.88
Saw,O'Scollee,soscolleeg3@unicef.org,Male,159.145.254.238
Bowie,Fieldsend,bfieldsendg4@live.com,Male,69.142.105.156
Hailee,Gommey,hgommeyg5@usgs.gov,Female,186.239.165.9
Ewell,Beavis,ebeavisg6@google.co.uk,Male,83.205.57.162
Grier,Deroche,gderocheg7@free.fr,Non-binary,144.33.97.10
Dwain,Theml,dthemlg8@geocities.jp,Male,59.78.241.183
Carlotta,Donald,cdonaldg9@friendfeed.com,Female,229.29.183.67
Devi,Bareford,dbarefordga@dropbox.com,Female,137.131.153.120
Greta,Boddington,gboddingtongb@mail.ru,Female,176.238.150.26
Keriann,Beaumont,kbeaumontgc@bandcamp.com,Female,38.104.80.245
Brandyn,Scarratt,bscarrattgd@umn.edu,Male,158.21.3.130
Harlen,Farndell,hfarndellge@symantec.com,Male,251.213.94.90
Amberly,Westgarth,awestgarthgf@dailymail.co.uk,Female,130.81.93.62
Loren,Smitham,lsmithamgg@yandex.ru,Male,82.76.121.196
Nicolai,Puxley,npuxleygh@census.gov,Male,124.241.81.219
Delia,Neligan,dneligangi@github.com,Female,61.37.112.152
Brady,Sieghart,bsieghartgj@prweb.com,Male,173.40.162.83
Dawna,Bielfeld,dbielfeldgk@newyorker.com,Female,93.251.67.40
Derry,Hurton,dhurtongl@wunderground.com,Male,112.96.232.118
Roxana,Bugdale,rbugdalegm@google.de,Female,151.175.55.250
Benny,Hullyer,bhullyergn@ifeng.com,Genderqueer,235.98.251.108
Rollie,Jefferys,rjefferysgo@t.co,Male,237.51.14.2
Dunstan,Grasser,dgrassergp@geocities.com,Male,70.116.61.157
Kristos,Louthe,klouthegq@behance.net,Male,43.131.26.97
Kevin,Grayshon,kgrayshongr@cornell.edu,Male,207.28.233.175
Benito,Sheron,bsherongs@drupal.org,Male,168.197.135.129
Shani,Titchener,stitchenergt@prlog.org,Female,210.107.17.104
Duke,Philp,dphilpgu@bbb.org,Male,107.248.68.4
Dwain,Prescote,dprescotegv@sbwire.com,Male,237.64.8.166
Antonella,Fookes,afookesgw@usda.gov,Female,206.144.233.225
Goran,Shepstone,gshepstonegx@wiley.com,Male,254.6.243.158
Ferdy,Thunders,fthundersgy@linkedin.com,Male,124.109.135.13
Kristofor,Lilleyman,klilleymangz@fotki.com,Male,33.12.138.41
Camile,Caplen,ccaplenh0@smugmug.com,Bigender,104.14.191.72
Dunc,Ogglebie,dogglebieh1@gnu.org,Polygender,112.230.223.111
Cathee,Danat,cdanath2@360.cn,Female,13.255.210.55
Erskine,Melendez,emelendezh3@un.org,Male,243.99.103.63
Ginger,Griffitt,ggriffitth4@scientificamerican.com,Female,29.3.139.112
Olva,Hudless,ohudlessh5@goo.gl,Female,223.69.114.140
Zak,Boulstridge,zboulstridgeh6@artisteer.com,Male,58.246.81.37
Arnoldo,Wiles,awilesh7@cpanel.net,Male,220.113.14.99
Neville,Trussman,ntrussmanh8@reuters.com,Male,205.210.70.9
Bronnie,MacRorie,bmacrorieh9@patch.com,Male,122.180.241.206
Janeta,Sorton,jsortonha@homestead.com,Female,81.146.138.252
Jacynth,Seeler,jseelerhb@imdb.com,Female,183.220.46.200
Donnamarie,Brownsea,dbrownseahc@unblog.fr,Female,138.195.214.236
Clarke,Sedwick,csedwickhd@woothemes.com,Genderqueer,116.46.23.211
Blair,Loynton,bloyntonhe@networkadvertising.org,Agender,13.250.136.135
Ernaline,Blaycock,eblaycockhf@businesswire.com,Female,230.47.220.130
Creighton,Rickaby,crickabyhg@unc.edu,Male,117.135.119.62
Harlen,Westney,hwestneyhh@hp.com,Male,172.245.233.53
Kessiah,Tripean,ktripeanhi@seesaa.net,Genderfluid,71.108.180.110
Fanechka,MacCaughey,fmaccaugheyhj@chicagotribune.com,Female,173.70.171.87
Camila,Carlson,ccarlsonhk@hud.gov,Genderqueer,170.184.95.156
Reider,Cowper,rcowperhl@amazon.de,Male,162.185.154.200
Tiphani,Storrah,tstorrahhm@japanpost.jp,Female,24.103.177.92
Sayre,McCerery,smccereryhn@wired.com,Female,241.193.2.16
Candi,Gensavage,cgensavageho@slideshare.net,Female,199.89.86.248
Elna,Gammidge,egammidgehp@nba.com,Female,33.245.33.112
Chaddie,Mocker,cmockerhq@cnet.com,Genderfluid,32.230.210.62
Pincas,Janiak,pjaniakhr@jigsy.com,Male,34.146.50.246
Barbie,Vaggs,bvaggshs@privacy.gov.au,Female,100.188.0.24
Norean,Haddrell,nhaddrellht@xinhuanet.com,Female,10.222.31.231
Raffarty,Selby,rselbyhu@artisteer.com,Male,118.40.181.131
Aviva,Llewellen,allewellenhv@themeforest.net,Agender,33.195.139.59
Abeu,Huton,ahutonhw@behance.net,Male,210.183.123.243
Doretta,Durdle,ddurdlehx@nationalgeographic.com,Female,172.196.182.70
Barnabe,Buzin,bbuzinhy@opensource.org,Bigender,213.127.212.220
Ophelia,Canon,ocanonhz@fotki.com,Female,87.37.246.95
Stanwood,Trymme,strymmei0@prnewswire.com,Male,186.180.143.191
Brandy,Pegram,bpegrami1@unesco.org,Female,194.167.134.221
Karee,Ramsbottom,kramsbottomi2@va.gov,Female,177.90.140.236
Christi,Dumpleton,cdumpletoni3@aol.com,Genderfluid,22.192.248.119
Paolo,Romagnosi,promagnosii4@tripod.com,Male,162.242.140.50
Thorn,McGuinness,tmcguinnessi5@weather.com,Male,212.252.62.86
Waite,Guinan,wguinani6@oakley.com,Male,166.94.197.28
Gawen,Pockett,gpocketti7@csmonitor.com,Male,84.126.45.97
Micki,Piaggia,mpiaggiai8@cdc.gov,Genderqueer,28.129.117.188
Carole,O'Lynn,colynni9@qq.com,Female,193.121.238.147
Addi,Walster,awalsteria@dion.ne.jp,Female,212.77.148.1
Sander,Hares,sharesib@amazonaws.com,Male,170.60.8.105
Clemmie,McCosker,cmccoskeric@mlb.com,Bigender,187.40.17.227
Elisabet,Savage,esavageid@buzzfeed.com,Female,13.138.149.222
Birdie,Thorius,bthoriusie@studiopress.com,Female,53.92.15.106
Sherlock,O'Hollegan,soholleganif@netscape.com,Male,113.196.205.11
Oneida,Winders,owindersig@blogs.com,Female,150.255.193.248
Dulcie,Felce,dfelceih@mysql.com,Female,197.22.22.194
Bryanty,Quinell,bquinellii@telegraph.co.uk,Male,76.129.219.208
Wake,Harle,wharleij@w3.org,Male,96.153.183.51
Mellisa,Cowndley,mcowndleyik@miibeian.gov.cn,Female,58.3.254.7
Linda,Jeandillou,ljeandillouil@myspace.com,Female,8.143.96.73
Hamil,Tubbs,htubbsim@nyu.edu,Male,140.212.198.190
Frances,Romao,fromaoin@amazon.co.jp,Female,113.135.153.104
Phip,Seegar,pseegario@wikia.com,Male,61.32.132.58
Minerva,Dancy,mdancyip@unicef.org,Female,147.43.94.44
Frankie,Wellstood,fwellstoodiq@china.com.cn,Female,32.58.118.140
Kare,Lawlance,klawlanceir@tinyurl.com,Female,119.12.238.82
Tanitansy,Mucci,tmucciis@rakuten.co.jp,Female,232.155.14.169
Phelia,Roswarn,proswarnit@e-recht24.de,Female,170.137.251.25
Noelyn,Aspenlon,naspenloniu@dailymail.co.uk,Genderfluid,30.127.117.252
Ardenia,Ghiron,aghironiv@uiuc.edu,Female,247.17.35.158
Darcee,Duggan,ddugganiw@csmonitor.com,Female,206.98.133.34
Gregor,Burney,gburneyix@comsenz.com,Male,21.236.95.82
Kendrick,Chaimson,kchaimsoniy@latimes.com,Male,46.31.183.245
Darwin,Squeers,dsqueersiz@github.io,Male,167.34.31.1
Rubie,Trowel,rtrowelj0@lycos.com,Female,77.74.2.147
Karrah,Clarricoates,kclarricoatesj1@virginia.edu,Agender,240.202.95.127
Carree,Etuck,cetuckj2@nyu.edu,Female,255.50.42.128
Zoe,O'Driscole,zodriscolej3@squidoo.com,Female,171.63.160.102
Elnore,Marzele,emarzelej4@cafepress.com,Female,191.175.134.166
Arv,Ragge,araggej5@cdc.gov,Male,118.84.252.208
Selinda,Greensides,sgreensidesj6@blogs.com,Female,126.175.15.30
Ronnica,Leavry,rleavryj7@howstuffworks.com,Female,243.3.210.219
Neron,Mosdell,nmosdellj8@dailymotion.com,Male,3.226.34.113
Sol,Clausen-Thue,sclausenthuej9@illinois.edu,Male,178.178.102.82
Artie,Behrend,abehrendja@pinterest.com,Male,221.168.143.194
Remington,Noot,rnootjb@devhub.com,Male,199.21.1.234
Sigmund,Harly,sharlyjc@earthlink.net,Male,124.17.78.234
Anita,Ludman,aludmanjd@odnoklassniki.ru,Female,232.87.100.191
Vivyanne,Romayn,vromaynje@usatoday.com,Female,73.242.20.38
Ferrell,Hawford,fhawfordjf@trellian.com,Male,181.54.152.53
Torey,Jindracek,tjindracekjg@phoca.cz,Agender,60.13.81.182
Roxi,Creelman,rcreelmanjh@intel.com,Non-binary,58.183.132.213
Bethany,Meek,bmeekji@hibu.com,Non-binary,84.127.110.214
Paolina,Jandel,pjandeljj@mozilla.com,Female,237.71.122.66
Jackie,Jehan,jjehanjk@geocities.com,Male,164.229.38.237
Judi,Simoni,jsimonijl@google.com.hk,Female,212.160.248.193
Merle,Laffin,mlaffinjm@accuweather.com,Male,111.147.125.169
Julius,Dyett,jdyettjn@google.com,Male,117.60.18.156
Kimbra,Blayney,kblayneyjo@upenn.edu,Female,227.235.188.142
Betsy,Whisker,bwhiskerjp@webeden.co.uk,Female,10.94.27.107
Beverlie,Spriggin,bsprigginjq@who.int,Female,74.229.6.220
Shepperd,Kunes,skunesjr@webs.com,Male,78.254.40.224
Wren,Tuckie,wtuckiejs@intel.com,Female,81.236.118.168
Lauraine,Armatage,larmatagejt@usa.gov,Female,155.82.137.17
Annice,Ramel,aramelju@tiny.cc,Female,51.42.125.190
Aube,McRitchie,amcritchiejv@wikispaces.com,Male,66.102.92.156
Liuka,Burgoin,lburgoinjw@1und1.de,Female,69.36.21.136
Moina,Fusedale,mfusedalejx@rambler.ru,Female,140.48.221.144
Brodie,Dakers,bdakersjy@cdbaby.com,Male,25.219.131.73
Corinne,Wratten,cwrattenjz@zdnet.com,Female,87.72.107.226
Tyson,Sammon,tsammonk0@bluehost.com,Male,101.100.218.240
Kip,Labro,klabrok1@google.co.jp,Genderfluid,173.235.135.82
Perry,Lamberth,plamberthk2@oaic.gov.au,Male,185.103.202.65
Marcellina,MacKomb,mmackombk3@discuz.net,Female,56.50.216.22
Maude,Fermer,mfermerk4@apple.com,Female,84.136.130.96
Davon,Golly,dgollyk5@quantcast.com,Male,211.189.101.192
Rayshell,Cammiemile,rcammiemilek6@macromedia.com,Female,150.36.54.231
Bess,Clemmitt,bclemmittk7@cam.ac.uk,Female,110.77.134.89
Alika,Barnson,abarnsonk8@freewebs.com,Female,22.31.229.71
Bryan,Mateiko,bmateikok9@intel.com,Male,122.104.67.151
Ian,Elms,ielmska@alibaba.com,Male,148.13.66.126
Carine,Leathwood,cleathwoodkb@wikia.com,Female,78.80.182.210
Brittan,Fehner,bfehnerkc@jiathis.com,Female,129.239.240.208
Cherye,Kneesha,ckneeshakd@latimes.com,Female,203.51.209.246
Max,Scammell,mscammellke@bing.com,Male,226.215.196.28
Inga,Whopples,iwhoppleskf@discuz.net,Female,225.113.227.242
Lira,Elgy,lelgykg@upenn.edu,Female,126.6.233.69
Kerrie,Coughtrey,kcoughtreykh@usa.gov,Female,232.222.108.41
Hewie,Tolworth,htolworthki@tripadvisor.com,Male,225.71.71.197
Arlette,Valti,avaltikj@arstechnica.com,Female,75.255.221.99
Lawrence,Torfin,ltorfinkk@hud.gov,Male,3.153.228.253
Ulrica,Leatherland,uleatherlandkl@nydailynews.com,Female,119.208.85.45
Arleen,Maidens,amaidenskm@arizona.edu,Female,18.94.143.62
Ermin,Handforth,ehandforthkn@pen.io,Male,72.177.116.167
Kimberlee,Oppery,kopperyko@woothemes.com,Female,92.192.55.216
Deidre,Gowdie,dgowdiekp@t.co,Female,113.7.220.122
Mordy,Zamorano,mzamoranokq@youtube.com,Male,105.178.13.46
Reeba,Swettenham,rswettenhamkr@buzzfeed.com,Genderfluid,73.134.78.123
Ricardo,Cumine,rcumineks@state.tx.us,Male,239.169.207.56
Dino,Roscoe,droscoekt@barnesandnoble.com,Male,78.59.223.116
Pascal,Clemenzo,pclemenzoku@canalblog.com,Male,13.63.161.32
Emmett,Ironside,eironsidekv@youtube.com,Male,71.70.109.118
Mose,Vodden,mvoddenkw@pcworld.com,Male,157.1.76.233
Trefor,Johns,tjohnskx@drupal.org,Male,104.170.95.144
Caroline,Comley,ccomleyky@oakley.com,Agender,204.1.205.80
Gunilla,Yeiles,gyeileskz@tuttocitta.it,Female,126.161.151.208
Emeline,Tunnicliffe,etunnicliffel0@tripadvisor.com,Female,160.155.64.70
Marcy,Praundlin,mpraundlinl1@rakuten.co.jp,Female,239.138.204.222
Adan,Bracknall,abracknalll2@nymag.com,Male,135.145.158.17
Marcela,Morl,mmorll3@state.tx.us,Female,219.236.135.154
Letizia,Barukh,lbarukhl4@jalbum.net,Bigender,19.42.51.226
Ola,Ashbridge,oashbridgel5@nba.com,Genderfluid,215.9.124.213
Kristien,Tonbridge,ktonbridgel6@reuters.com,Female,105.2.189.54
Olia,Adie,oadiel7@economist.com,Female,65.235.9.16
Tammy,Enochsson,tenochssonl8@gnu.org,Genderqueer,53.86.255.234
Harley,Grimmer,hgrimmerl9@paypal.com,Male,186.168.107.118
Almire,Raun,araunla@jimdo.com,Polygender,71.104.231.20
Wilie,Fausset,wfaussetlb@squarespace.com,Female,224.126.159.27
Johannah,Thomasset,jthomassetlc@list-manage.com,Female,55.163.210.66
Sherman,Powling,spowlingld@gov.uk,Male,124.178.15.228
Floria,Tuttiett,ftuttiettle@census.gov,Female,170.228.202.39
Mace,Hartburn,mhartburnlf@nsw.gov.au,Male,31.55.245.204
Gregoor,Torpie,gtorpielg@senate.gov,Male,241.184.96.25
Reeta,Vanderplas,rvanderplaslh@opensource.org,Female,199.97.150.19
Liz,Inchbald,linchbaldli@columbia.edu,Female,188.235.87.59
Nestor,Annatt,nannattlj@t-online.de,Male,118.129.104.174
Auria,Kirrens,akirrenslk@a8.net,Female,81.29.142.103
Robinia,Summerscales,rsummerscalesll@ed.gov,Female,253.71.5.127
Sean,Aleksandrikin,saleksandrikinlm@answers.com,Bigender,247.140.83.173
Tamarah,Rivilis,trivilisln@who.int,Female,14.111.82.64
Arte,Augie,aaugielo@angelfire.com,Male,19.239.36.1
Matthew,Golborne,mgolbornelp@livejournal.com,Male,174.194.144.33
Sascha,Gueste,sguestelq@sakura.ne.jp,Female,218.69.88.107
Any,Woodall,awoodalllr@ning.com,Male,96.25.46.199
Marna,Rawcliffe,mrawcliffels@opera.com,Female,217.57.9.235
Pacorro,Bigham,pbighamlt@whitehouse.gov,Male,102.197.160.27
Ursa,Beardall,ubeardalllu@storify.com,Female,3.48.168.71
Trish,Keay,tkeaylv@nymag.com,Female,19.155.93.47
Binnie,Fradgley,bfradgleylw@soup.io,Female,207.218.251.101
Kenon,Clausen,kclausenlx@telegraph.co.uk,Male,134.138.100.106
Arlen,MacFarlan,amacfarlanly@paginegialle.it,Male,184.94.130.239
Ladonna,Billany,lbillanylz@myspace.com,Female,173.148.239.14
Nicolina,Donohue,ndonohuem0@tuttocitta.it,Female,184.77.96.238
Bobbette,Vass,bvassm1@sfgate.com,Female,198.169.218.147
Eyde,Illem,eillemm2@joomla.org,Genderqueer,27.132.204.81
Billi,Vigietti,bvigiettim3@livejournal.com,Female,29.25.134.51
Buiron,Turpin,bturpinm4@mozilla.org,Male,143.20.194.107
Mile,Ebbrell,mebbrellm5@ask.com,Male,56.139.154.153
Chaddie,Souch,csouchm6@xinhuanet.com,Male,146.110.53.48
Dredi,De Filippis,ddefilippism7@ucsd.edu,Female,46.192.229.134
Gregor,Yter,gyterm8@ow.ly,Male,232.42.35.212
Dennet,Castagneri,dcastagnerim9@mayoclinic.com,Male,111.39.130.206
Kalli,Gohier,kgohierma@ezinearticles.com,Polygender,72.236.211.143
Penn,Skaid,pskaidmb@forbes.com,Male,30.89.34.208
Alexine,Swaffer,aswaffermc@bluehost.com,Bigender,56.65.186.213
Chrysa,Kells,ckellsmd@feedburner.com,Female,193.101.80.80
Hailey,Gothup,hgothupme@umn.edu,Male,75.134.166.127
Tally,Benstead,tbensteadmf@yellowpages.com,Female,47.196.60.224
Darren,Hefner,dhefnermg@youku.com,Male,61.205.194.84
Trudi,Trounce,ttrouncemh@examiner.com,Female,16.8.167.33
Lisette,Fedorski,lfedorskimi@salon.com,Female,29.204.37.216
Ernesto,Rewcastle,erewcastlemj@nih.gov,Male,16.188.140.115
Halsey,Varnes,hvarnesmk@squarespace.com,Male,135.181.208.111
Findlay,Heine,fheineml@360.cn,Male,21.207.86.197
Reynard,Broadley,rbroadleymm@plala.or.jp,Male,90.39.131.144
Robinet,Szapiro,rszapiromn@google.co.jp,Genderfluid,68.105.116.171
Keir,Loude,kloudemo@purevolume.com,Male,177.189.70.169
Alisun,Pafford,apaffordmp@nbcnews.com,Female,179.242.254.174
Bobbee,Jeakins,bjeakinsmq@wix.com,Female,79.227.245.98
Beryl,Muldownie,bmuldowniemr@apache.org,Non-binary,163.89.15.184
Grace,Astill,gastillms@epa.gov,Male,186.120.153.14
Vern,Casa,vcasamt@ucla.edu,Male,80.45.37.170
Doralin,Refford,dreffordmu@google.com.hk,Female,207.87.68.72
Ara,Gatherell,agatherellmv@washington.edu,Genderfluid,30.28.184.140
Augustus,Luckie,aluckiemw@linkedin.com,Male,216.254.145.91
Bastien,Spatig,bspatigmx@economist.com,Male,221.40.77.109
Della,Zecchi,dzecchimy@sfgate.com,Female,255.105.119.38
Allan,Yakunikov,ayakunikovmz@ihg.com,Male,186.203.93.36
Helen,Seid,hseidn0@shinystat.com,Bigender,99.206.147.242
Hurley,Bowden,hbowdenn1@dmoz.org,Male,195.169.243.131
Graham,Janton,gjantonn2@indiatimes.com,Polygender,179.62.163.54
Darby,Denney,ddenneyn3@4shared.com,Male,148.5.255.15
Shay,Goater,sgoatern4@unesco.org,Non-binary,169.12.16.55
Koral,Hewins,khewinsn5@posterous.com,Female,2.95.224.35
Arney,McKew,amckewn6@cbslocal.com,Male,120.101.186.115
Hurley,Thairs,hthairsn7@theglobeandmail.com,Male,126.172.68.98
Ellette,Feenan,efeenann8@google.co.jp,Female,23.209.97.63
Gram,Bensley,gbensleyn9@wikipedia.org,Male,241.65.41.118
Hy,Polding,hpoldingna@edublogs.org,Male,252.87.213.206
Dani,Minall,dminallnb@drupal.org,Male,222.161.107.91
Rosanna,Wratten,rwrattennc@ustream.tv,Female,105.77.28.24
Lewie,Kenningham,lkenninghamnd@who.int,Male,244.25.57.215
Renell,Gofton,rgoftonne@vinaora.com,Genderqueer,178.194.206.180
Tadeo,Wyldish,twyldishnf@examiner.com,Bigender,176.253.185.120
Boigie,Hodgin,bhodginng@dagondesign.com,Male,8.35.116.104
Madelle,Bradd,mbraddnh@privacy.gov.au,Female,233.224.105.118
Halimeda,Livingston,hlivingstonni@xinhuanet.com,Female,5.61.199.69
Prince,Hizir,phizirnj@craigslist.org,Genderfluid,146.10.141.223
Patricio,Shannon,pshannonnk@dagondesign.com,Male,107.87.49.112
Patton,Baitey,pbaiteynl@pen.io,Male,250.59.83.239
Berkeley,Walles,bwallesnm@quantcast.com,Male,140.223.200.191
Horacio,Costelow,hcostelownn@hibu.com,Male,90.102.131.81
Mar,Cummings,mcummingsno@samsung.com,Male,246.111.134.45
Claudio,Fluck,cflucknp@businesswire.com,Male,114.91.146.123
Moshe,Himpson,mhimpsonnq@e-recht24.de,Male,235.122.199.183
Freddi,Carney,fcarneynr@huffingtonpost.com,Female,84.56.142.249
Mirabella,Crepel,mcrepelns@bloglines.com,Female,42.173.95.151
Gabbie,Lettington,glettingtonnt@reverbnation.com,Male,17.79.233.254
Electra,Milnthorpe,emilnthorpenu@facebook.com,Female,3.213.10.99
Warde,Lightbody,wlightbodynv@economist.com,Agender,227.15.21.143
Gualterio,Sturdgess,gsturdgessnw@gizmodo.com,Male,139.186.67.202
Fowler,Carwithen,fcarwithennx@plala.or.jp,Male,217.232.232.225
Web,Dowdell,wdowdellny@paginegialle.it,Male,16.46.47.178
Leia,Stormont,lstormontnz@va.gov,Female,199.242.51.126
Bella,Rowsel,browselo0@artisteer.com,Female,225.225.151.16
Eddi,Armatage,earmatageo1@slate.com,Female,15.110.29.193
Kathryne,Savage,ksavageo2@paginegialle.it,Female,177.80.55.74
Isobel,Fetter,ifettero3@dagondesign.com,Female,136.29.174.15
Richie,Allain,rallaino4@youku.com,Male,199.246.67.100
Miguela,Anthon,manthono5@1688.com,Female,99.13.35.218
Monah,Vaskov,mvaskovo6@msn.com,Female,78.42.128.49
Abbie,Nibley,anibleyo7@rambler.ru,Polygender,1.185.182.216
Even,Staker,estakero8@loc.gov,Male,181.150.40.158
Berky,Mosedale,bmosedaleo9@spotify.com,Male,200.207.111.252
Sophie,Gouldstone,sgouldstoneoa@wikia.com,Female,41.255.179.147
Harli,Golborne,hgolborneob@npr.org,Female,70.49.55.5
Aridatha,Gallant,agallantoc@zimbio.com,Female,10.183.180.190
Morgan,Nicklinson,mnicklinsonod@state.gov,Male,215.248.231.161
Skippy,Plaskett,splaskettoe@purevolume.com,Male,96.144.40.99
Reeta,De Hooge,rdehoogeof@amazon.de,Agender,103.201.185.80
Faydra,Kubicki,fkubickiog@cafepress.com,Female,174.183.179.253
Tate,Ludwig,tludwigoh@cnbc.com,Male,8.36.217.80
Brade,Ziem,bziemoi@nps.gov,Male,45.130.151.157
Amandi,Drieu,adrieuoj@i2i.jp,Female,60.118.214.161
Vassili,Richmond,vrichmondok@jimdo.com,Male,179.20.119.130
Brina,Okill,bokillol@stanford.edu,Female,33.240.168.25
Ulick,Dillow,udillowom@weather.com,Male,94.21.212.98
Grover,Natt,gnatton@angelfire.com,Male,242.14.244.202
Perry,Talloe,ptalloeoo@drupal.org,Male,185.38.81.232
Stevana,Lodemann,slodemannop@bbb.org,Female,255.33.83.239
Stefan,Karchowski,skarchowskioq@alexa.com,Polygender,38.94.76.134
Angel,Channing,achanningor@privacy.gov.au,Female,250.216.168.212
Alwin,Sendall,asendallos@si.edu,Male,127.75.217.125
Binni,Loakes,bloakesot@umn.edu,Female,97.104.174.23
Yvor,Shelmardine,yshelmardineou@google.co.uk,Male,115.88.236.184
Lorene,Boyet,lboyetov@jiathis.com,Female,46.82.82.182
Consuelo,Kerrod,ckerrodow@cnn.com,Female,78.46.90.64
Rand,Rickman,rrickmanox@wired.com,Male,234.167.217.58
Malvina,Chritchley,mchritchleyoy@yelp.com,Polygender,236.217.61.213
Janel,Lapsley,jlapsleyoz@theguardian.com,Female,254.178.92.17
Emilee,Josh,ejoshp0@auda.org.au,Female,78.250.93.60
Linzy,Bosden,lbosdenp1@gizmodo.com,Genderfluid,213.187.2.190
Maurene,Spratley,mspratleyp2@histats.com,Female,230.240.112.78
Emelina,Bunner,ebunnerp3@seattletimes.com,Female,114.85.179.255
Davey,Fraschini,dfraschinip4@cornell.edu,Male,239.160.244.19
Papageno,Grangier,pgrangierp5@jalbum.net,Male,53.95.195.61
Tasha,Davydkov,tdavydkovp6@dyndns.org,Female,71.31.205.70
Hermia,Snedker,hsnedkerp7@craigslist.org,Female,190.118.218.0
Beatrice,Olivie,boliviep8@cloudflare.com,Female,249.99.78.189
Shaylynn,Healy,shealyp9@bloglines.com,Female,163.35.74.245
Leslie,Jurczyk,ljurczykpa@ustream.tv,Male,102.190.27.151
Cindee,Moynham,cmoynhampb@redcross.org,Female,228.97.47.28
Bent,Leser,bleserpc@biglobe.ne.jp,Male,68.247.227.9
Paige,Halsey,phalseypd@sun.com,Agender,14.158.55.65
Lorelei,Wardhaugh,lwardhaughpe@cbslocal.com,Female,129.129.64.182
Sinclare,Juares,sjuarespf@wikimedia.org,Male,184.127.108.93
Jayme,Edson,jedsonpg@cmu.edu,Male,8.165.255.117
Domini,Ripon,driponph@cam.ac.uk,Female,231.198.111.136
Philippe,Munsey,pmunseypi@harvard.edu,Female,133.134.164.250
Dela,Powney,dpowneypj@drupal.org,Polygender,87.74.61.220
Pate,Hollyar,phollyarpk@taobao.com,Agender,42.183.188.58
Rebeca,Gaskin,rgaskinpl@nytimes.com,Female,25.154.67.2
Essy,Enderwick,eenderwickpm@bloomberg.com,Female,206.184.169.90
Prince,Goldthorp,pgoldthorppn@google.de,Male,208.186.154.58
Courtney,Mountford,cmountfordpo@51.la,Female,102.146.51.206
Jody,Skoof,jskoofpp@examiner.com,Male,45.95.74.27
Ruperto,Franies,rfraniespq@dailymotion.com,Male,150.32.221.151
Barbabas,Meale,bmealepr@foxnews.com,Male,47.17.121.26
Merla,Nono,mnonops@cam.ac.uk,Female,218.68.5.121
Hansiain,Witnall,hwitnallpt@blogspot.com,Male,45.152.95.198
Prisca,Julien,pjulienpu@elpais.com,Female,9.151.118.190
Julianna,Tonnesen,jtonnesenpv@craigslist.org,Genderqueer,91.229.189.112
Gray,Hessenthaler,ghessenthalerpw@google.fr,Male,153.18.161.204
Mead,Speakman,mspeakmanpx@sina.com.cn,Male,127.24.15.72
Renae,Hellsdon,rhellsdonpy@jiathis.com,Female,149.77.100.136
Loella,Killwick,lkillwickpz@oracle.com,Female,47.89.253.107
Rheba,Vockins,rvockinsq0@dailymotion.com,Female,103.143.138.214
Daveen,Hext,dhextq1@theguardian.com,Female,212.190.5.47
Chryste,Griffitt,cgriffittq2@blogtalkradio.com,Female,2.105.167.42
Torey,Cornelleau,tcornelleauq3@squarespace.com,Male,184.148.146.98
Town,Grimestone,tgrimestoneq4@altervista.org,Male,4.119.200.56
Ernesta,Bannister,ebannisterq5@bloomberg.com,Female,19.188.121.47
Rex,Hanfrey,rhanfreyq6@soundcloud.com,Male,118.177.224.119
Thorn,Scrauniage,tscrauniageq7@acquirethisname.com,Male,99.103.123.92
Craig,Maseyk,cmaseykq8@typepad.com,Male,220.127.215.115
Humfried,Tapenden,htapendenq9@youku.com,Male,12.199.171.133
Aloysius,Boscott,aboscottqa@dmoz.org,Male,185.44.157.197
Keri,Chatres,kchatresqb@aol.com,Agender,4.29.23.191
Ximenes,Goundry,xgoundryqc@ucoz.ru,Male,237.5.217.151
Billie,Hadlow,bhadlowqd@sitemeter.com,Female,23.9.219.59
Cecelia,Follin,cfollinqe@irs.gov,Non-binary,1.52.224.181
Aurora,Adolthine,aadolthineqf@sciencedaily.com,Agender,165.132.231.115
Shandra,Ashley,sashleyqg@about.me,Female,72.188.84.51
Kirby,Pill,kpillqh@1und1.de,Male,203.20.132.39
Bevin,I'anson,biansonqi@hatena.ne.jp,Male,39.204.187.130
Arny,Buddell,abuddellqj@jalbum.net,Male,35.230.200.173
Katleen,Wixon,kwixonqk@businesswire.com,Bigender,14.29.136.106
Ermanno,Iacovolo,eiacovoloql@baidu.com,Male,81.80.177.144
Vernon,Snookes,vsnookesqm@opensource.org,Male,187.48.77.84
Colby,Brabbins,cbrabbinsqn@ox.ac.uk,Male,16.173.246.209
Humbert,Alessandrini,halessandriniqo@wunderground.com,Male,145.105.227.228
Bourke,Bellard,bbellardqp@intel.com,Male,235.169.33.128
Adrianna,Downer,adownerqq@yahoo.com,Female,160.215.5.168
Adair,Korneluk,akornelukqr@over-blog.com,Male,34.166.119.240
Vladimir,Dodding,vdoddingqs@eepurl.com,Male,149.73.86.51
Trenton,Grima,tgrimaqt@abc.net.au,Male,8.93.88.89
Edee,Rainville,erainvillequ@tripadvisor.com,Female,19.225.71.56
Helenelizabeth,Lawrey,hlawreyqv@w3.org,Female,123.59.75.199
Caryn,Mingaye,cmingayeqw@alibaba.com,Female,27.250.210.165
Alwyn,Athowe,aathoweqx@wix.com,Agender,184.57.161.189
Aloysia,Gaw,agawqy@alibaba.com,Female,10.152.14.18
Tedi,Brigstock,tbrigstockqz@shinystat.com,Female,208.115.87.131
Nickey,Yoxall,nyoxallr0@wufoo.com,Male,28.190.190.89
Alair,Iseton,aisetonr1@creativecommons.org,Male,254.32.255.15
Lisbeth,Pavitt,lpavittr2@xrea.com,Female,26.222.54.37
Lola,Renny,lrennyr3@prnewswire.com,Female,198.128.24.233
Netti,Aggus,naggusr4@discovery.com,Genderfluid,238.78.183.134
Alaric,Byatt,abyattr5@google.ca,Male,133.105.159.227
Blondelle,Clementson,bclementsonr6@kickstarter.com,Female,85.163.3.174
Lorant,Jozaitis,ljozaitisr7@opensource.org,Male,154.69.170.92
Dermot,Zoppie,dzoppier8@globo.com,Male,130.145.199.26
Caressa,Kener,ckenerr9@usatoday.com,Female,185.207.55.135
Ellis,Rettie,erettiera@prweb.com,Male,46.9.39.122
Mozes,Penwright,mpenwrightrb@state.tx.us,Male,88.37.140.121
Trev,Fraczkiewicz,tfraczkiewiczrc@ft.com,Male,110.234.44.11
Danette,Franssen,dfranssenrd@t-online.de,Agender,232.74.13.113
Piper,Petche,ppetchere@taobao.com,Female,149.6.53.212
Astrix,Lathleiffure,alathleiffurerf@woothemes.com,Female,236.29.129.60
Tod,Branthwaite,tbranthwaiterg@ted.com,Male,129.17.210.51
Barnaby,Farbrace,bfarbracerh@sourceforge.net,Male,218.146.185.181
Arvy,Valenti,avalentiri@cornell.edu,Male,181.37.227.8
Fernando,Spykings,fspykingsrj@oaic.gov.au,Male,199.91.180.209
Jephthah,Spracklin,jspracklinrk@blogtalkradio.com,Male,190.39.172.162
Ginevra,Calway,gcalwayrl@tinypic.com,Female,41.87.8.151
Vinson,Rillatt,vrillattrm@mail.ru,Male,163.171.22.120
Rodolfo,Kolczynski,rkolczynskirn@alexa.com,Male,144.73.127.21
Xever,McGarvie,xmcgarviero@yahoo.com,Agender,165.191.88.71
Ines,Ruprich,iruprichrp@blog.com,Female,171.112.68.180
Bryon,Fitchell,bfitchellrq@discovery.com,Male,68.28.86.235
Ofilia,Pagnin,opagninrr@archive.org,Female,143.2.229.128
