first_name,last_name,email,gender,ip_address
Lucienne,Brimilcome,lbrimilcome0@123-reg.co.uk,Female,112.226.213.99
Sauncho,De Biaggi,sdebiaggi1@sbwire.com,Male,235.129.64.206
Davey,Spens,dspens2@kickstarter.com,Male,187.207.204.155
Carson,Conew,cconew3@wisc.edu,Male,2.228.205.180
Sarena,Pinfold,spinfold4@rakuten.co.jp,Female,72.82.77.202
Ephrayim,Lace,elace5@bizjournals.com,Male,106.203.225.87
Leonidas,Wimbury,lwimbury6@domainmarket.com,Male,199.49.203.116
Hewie,Stubbley,hstubbley7@statcounter.com,Male,47.129.27.41
Norean,Larmour,nlarmour8@google.pl,Female,126.237.127.207
Lindy,Vere,lvere9@last.fm,Female,70.11.134.212
Ahmad,Deveral,adeverala@sakura.ne.jp,Male,228.233.45.185
Robina,Anand,ranandb@delicious.com,Bigender,62.0.212.87
Hedi,Djurkovic,hdjurkovicc@freewebs.com,Female,252.215.97.107
Sal,Blankenship,sblankenshipd@prweb.com,Male,52.182.50.243
Saraann,Rapport,srapporte@alexa.com,Female,30.23.116.245
Puff,Pretsell,ppretsellf@gov.uk,Male,201.27.0.37
Katine,Brewse,kbrewseg@vk.com,Female,20.232.58.37
Chas,Sirette,csiretteh@state.tx.us,Male,193.52.148.20
Ase,Dougharty,adoughartyi@kickstarter.com,Male,157.182.254.2
Eb,Simpole,esimpolej@homestead.com,Male,232.230.131.229
August,Brunn,abrunnk@accuweather.com,Male,239.45.80.123
Garry,Payler,gpaylerl@google.it,Male,85.55.202.33
Marcello,Algeo,malgeom@sakura.ne.jp,Male,40.30.188.144
Sayers,Palmar,spalmarn@canalblog.com,Male,150.245.169.51
Page,Gathwaite,pgathwaiteo@cnn.com,Female,86.189.222.99
Theadora,Dionisio,tdionisiop@si.edu,Female,105.182.237.203
Oates,Rodmell,orodmellq@hexun.com,Male,77.30.143.22
Alessandra,Boyland,aboylandr@virginia.edu,Female,129.219.64.244
Charley,Huguenet,chuguenets@i2i.jp,Male,229.167.141.95
Leontyne,Brugsma,lbrugsmat@walmart.com,Female,140.198.157.104
Randall,Plet,rpletu@marketwatch.com,Male,244.255.161.187
Danya,Feary,dfearyv@archive.org,Male,222.240.124.153
Laina,Guyan,lguyanw@kickstarter.com,Female,107.51.4.3
Goldy,Elan,gelanx@oracle.com,Female,194.55.50.148
Christie,de Pinna,cdepinnay@twitpic.com,Female,222.80.160.68
Lombard,Cromwell,lcromwellz@plala.or.jp,Male,122.245.171.72
Orv,Whardley,owhardley10@scribd.com,Male,73.76.132.32
Martina,Callen,mcallen11@zdnet.com,Female,115.146.7.222
Darsie,Norley,dnorley12@furl.net,Female,100.203.204.53
Augie,Cardillo,acardillo13@indiatimes.com,Male,52.125.163.88
Bronson,Barlee,bbarlee14@columbia.edu,Male,254.47.103.248
Elayne,Addess,eaddess15@harvard.edu,Female,214.138.229.176
Errol,Baser,ebaser16@blogspot.com,Male,130.245.38.145
Keven,Clinch,kclinch17@wikipedia.org,Male,70.124.212.114
Farlie,Bernette,fbernette18@skype.com,Male,177.44.209.95
Alessandra,Druitt,adruitt19@cyberchimps.com,Female,16.190.190.156
Rora,Paddingdon,rpaddingdon1a@nature.com,Female,13.8.193.154
Grantley,Tomczykiewicz,gtomczykiewicz1b@gov.uk,Male,135.173.249.82
Aimee,Dabes,adabes1c@tripod.com,Female,55.250.253.24
Cullie,Jina,cjina1d@narod.ru,Genderfluid,241.207.241.211
Prinz,Yurkov,pyurkov1e@tiny.cc,Male,21.119.76.2
Thorn,Addy,taddy1f@abc.net.au,Male,163.210.180.118
Hyacinthe,Farahar,hfarahar1g@mac.com,Female,231.243.184.174
Karee,Otto,kotto1h@nba.com,Female,19.68.112.201
Skye,Ditzel,sditzel1i@slashdot.org,Male,162.171.177.196
Thebault,Ouver,touver1j@wix.com,Male,222.211.138.248
Buddy,Stickells,bstickells1k@gmpg.org,Male,211.179.99.53
Dory,Blanko,dblanko1l@mozilla.com,Genderfluid,92.49.51.205
Aaron,Holby,aholby1m@cdbaby.com,Male,235.205.73.105
Elaina,Blenkhorn,eblenkhorn1n@wsj.com,Female,218.224.90.10
Aubry,Ransbury,aransbury1o@reference.com,Female,202.89.58.240
Raphaela,Venneur,rvenneur1p@weebly.com,Female,242.208.119.167
Brien,Maypes,bmaypes1q@slashdot.org,Male,42.67.226.161
Loutitia,Tinkler,ltinkler1r@wufoo.com,Genderfluid,174.220.59.221
Arlyn,Creamer,acreamer1s@dmoz.org,Female,150.44.2.13
Roman,Natt,rnatt1t@shop-pro.jp,Male,218.2.52.230
Zena,Yurkov,zyurkov1u@squidoo.com,Female,117.208.158.73
Fitzgerald,Gilffillan,fgilffillan1v@cbsnews.com,Male,68.108.74.121
Tommie,Sainthill,tsainthill1w@un.org,Male,180.89.192.231
Kurtis,Devennie,kdevennie1x@elegantthemes.com,Male,201.98.253.209
Leeland,Vasyuchov,lvasyuchov1y@list-manage.com,Male,32.7.184.121
Thorny,Stetson,tstetson1z@businesswire.com,Male,83.116.193.99
Theo,Wadforth,twadforth20@mozilla.org,Male,3.72.36.63
Jermaine,Spleving,jspleving21@ox.ac.uk,Female,73.53.179.57
Amalie,Milmoe,amilmoe22@indiatimes.com,Female,54.185.189.107
Pip,Herche,pherche23@gravatar.com,Male,226.125.31.132
Magnum,Vassie,mvassie24@npr.org,Male,52.193.149.246
Lanita,Pridding,lpridding25@dion.ne.jp,Female,56.5.177.176
Pamela,Lavin,plavin26@ucla.edu,Female,127.48.36.170
Micky,Brickell,mbrickell27@cisco.com,Male,76.126.18.240
Bobine,Paliser,bpaliser28@vinaora.com,Female,102.129.243.197
Kev,Retallack,kretallack29@altervista.org,Male,221.7.242.68
Ramonda,Osbaldeston,rosbaldeston2a@themeforest.net,Female,176.108.48.142
Adair,Lammerding,alammerding2b@elegantthemes.com,Male,229.170.61.183
Wye,Olenin,wolenin2c@youku.com,Male,33.157.154.87
Rodney,Albutt,ralbutt2d@devhub.com,Male,189.231.140.198
Cathrin,Jeanequin,cjeanequin2e@accuweather.com,Female,81.49.164.12
Hazlett,Cutteridge,hcutteridge2f@unesco.org,Male,242.45.202.250
Sergei,Grice,sgrice2g@nymag.com,Male,253.13.197.212
Gertruda,Dyneley,gdyneley2h@typepad.com,Female,13.104.187.177
Berrie,Pulhoster,bpulhoster2i@princeton.edu,Female,76.51.121.198
Karlis,Butlin,kbutlin2j@bloglines.com,Male,217.28.210.33
Ola,Van der Son,ovanderson2k@nps.gov,Female,219.65.213.228
Ev,Taberner,etaberner2l@tinypic.com,Male,246.167.148.156
Theodosia,Capron,tcapron2m@aboutads.info,Female,65.130.164.237
Anabella,Marchbank,amarchbank2n@admin.ch,Female,124.11.46.186
Wally,Wabe,wwabe2o@google.com.hk,Male,96.28.95.227
Erv,Spurgin,espurgin2p@abc.net.au,Male,208.234.102.221
Kitti,Duran,kduran2q@newsvine.com,Female,205.202.108.62
Kenton,Ellingworth,kellingworth2r@si.edu,Non-binary,80.222.227.31
Loralee,Wornum,lwornum2s@goo.ne.jp,Female,186.252.158.54
Nanon,Nortcliffe,nnortcliffe2t@who.int,Female,178.174.243.206
Ermin,Causier,ecausier2u@biblegateway.com,Male,236.32.219.136
Jessalyn,Albisser,jalbisser2v@virginia.edu,Female,36.5.6.93
Jerrylee,Beedham,jbeedham2w@npr.org,Female,208.167.180.194
Lucretia,Baskeyfied,lbaskeyfied2x@uiuc.edu,Female,251.4.229.190
Adrienne,Halloway,ahalloway2y@guardian.co.uk,Female,215.46.40.19
Halli,Joriot,hjoriot2z@thetimes.co.uk,Female,104.196.30.83
Allyson,Bassick,abassick30@stumbleupon.com,Female,75.109.219.110
Riane,Clarage,rclarage31@pcworld.com,Female,91.64.35.152
Jana,Hagston,jhagston32@eepurl.com,Female,85.166.44.94
Rufus,Andree,randree33@ovh.net,Male,170.126.130.18
Raynell,Daggett,rdaggett34@ocn.ne.jp,Female,162.86.180.93
Zackariah,Cogger,zcogger35@blogtalkradio.com,Non-binary,183.103.152.47
Skell,Dupoy,sdupoy36@surveymonkey.com,Male,43.51.52.160
Breanne,Raitie,braitie37@uiuc.edu,Female,186.234.66.55
Derick,Dudliston,ddudliston38@google.com.br,Male,163.228.94.66
Vanny,Sprason,vsprason39@tumblr.com,Non-binary,168.157.135.209
Emmanuel,Fendt,efendt3a@ycombinator.com,Male,144.53.186.84
Violante,Grinham,vgrinham3b@google.de,Female,62.190.59.116
Chan,Hindhaugh,chindhaugh3c@phoca.cz,Male,77.65.64.52
Saw,Redparth,sredparth3d@mapquest.com,Male,0.135.185.205
Binnie,MacSharry,bmacsharry3e@icio.us,Non-binary,61.76.182.163
Marquita,Kemmey,mkemmey3f@nbcnews.com,Female,179.121.11.59
Odille,Bloys,obloys3g@tamu.edu,Female,255.214.106.137
Hendrick,Kimbrey,hkimbrey3h@baidu.com,Male,172.206.96.213
Brianne,Weippert,bweippert3i@tiny.cc,Female,196.1.251.125
Tammara,Barthram,tbarthram3j@smh.com.au,Female,66.108.21.211
Hildagard,O'Mannion,homannion3k@sciencedirect.com,Female,80.67.252.115
Clementine,Samsonsen,csamsonsen3l@themeforest.net,Female,78.226.66.254
Kincaid,Mansell,kmansell3m@newyorker.com,Male,75.208.218.179
Ethelda,Statton,estatton3n@bandcamp.com,Polygender,17.35.27.251
Selene,McRory,smcrory3o@xrea.com,Female,198.21.62.79
Selina,Tollet,stollet3p@sbwire.com,Female,140.11.120.175
Roda,Torns,rtorns3q@themeforest.net,Female,190.149.176.207
Inga,Martlew,imartlew3r@dagondesign.com,Female,214.107.187.156
Xenos,Kobierzycki,xkobierzycki3s@wikia.com,Male,95.147.255.192
Heall,Vittel,hvittel3t@issuu.com,Male,248.254.29.146
Eldin,Serginson,eserginson3u@technorati.com,Male,133.233.150.213
Afton,Nowill,anowill3v@scientificamerican.com,Female,171.245.37.80
Ki,Morales,kmorales3w@t.co,Bigender,230.117.46.49
Maison,Abson,mabson3x@jalbum.net,Male,233.109.54.109
Wainwright,Rust,wrust3y@google.es,Male,202.59.39.55
Lyda,Loweth,lloweth3z@amazon.co.jp,Female,118.6.120.227
Sheela,Duddan,sduddan40@woothemes.com,Female,102.116.166.45
Dena,Dewdney,ddewdney41@newyorker.com,Female,126.58.225.188
Casandra,Werndley,cwerndley42@nasa.gov,Female,109.164.50.246
Normand,Gate,ngate43@wordpress.com,Male,227.91.235.30
Wilfrid,Risborough,wrisborough44@gravatar.com,Male,125.194.99.20
Tomkin,Raft,traft45@vk.com,Male,143.71.210.2
Ebony,Stapford,estapford46@mozilla.org,Female,9.254.76.55
Del,McVitty,dmcvitty47@census.gov,Male,171.5.129.127
Cornie,Yanne,cyanne48@acquirethisname.com,Male,35.53.67.126
Therese,Vannar,tvannar49@xinhuanet.com,Female,241.19.93.99
Yancy,McAster,ymcaster4a@bbb.org,Male,140.215.179.156
Randa,Jerrome,rjerrome4b@photobucket.com,Female,234.56.37.233
Hesther,Couldwell,hcouldwell4c@blogtalkradio.com,Female,0.51.30.74
Randa,Maffioletti,rmaffioletti4d@smh.com.au,Female,69.174.214.7
Manfred,Hutchison,mhutchison4e@netlog.com,Male,219.119.253.255
Anabal,Greenhaugh,agreenhaugh4f@zimbio.com,Female,21.249.172.115
El,McDonand,emcdonand4g@google.fr,Male,186.225.5.162
Nealson,Altham,naltham4h@si.edu,Male,125.229.82.87
Hadleigh,Bottrill,hbottrill4i@github.com,Polygender,120.229.95.183
Donny,Poel,dpoel4j@fotki.com,Female,137.61.74.204
Jonah,Maciocia,jmaciocia4k@wordpress.org,Male,179.32.185.118
Julina,Povall,jpovall4l@weibo.com,Female,45.226.77.120
Barbara-anne,McEniry,bmceniry4m@telegraph.co.uk,Female,227.150.153.18
Silva,Rosewall,srosewall4n@oracle.com,Female,15.66.193.93
Perkin,Phelipeaux,pphelipeaux4o@whitehouse.gov,Male,73.74.210.104
Evy,Matteotti,ematteotti4p@europa.eu,Female,153.5.102.23
Julian,Latour,jlatour4q@whitehouse.gov,Male,144.184.133.44
Cozmo,Farquhar,cfarquhar4r@jimdo.com,Male,15.223.18.167
Olvan,Yeardsley,oyeardsley4s@unblog.fr,Male,112.49.248.205
Kelvin,Kelsow,kkelsow4t@lycos.com,Male,94.245.169.43
Carmita,Desmond,cdesmond4u@unc.edu,Female,248.5.225.173
Reed,Sawley,rsawley4v@paypal.com,Male,13.224.181.4
Berkie,Bathersby,bbathersby4w@webmd.com,Male,74.239.196.251
Prent,Elsey,pelsey4x@godaddy.com,Male,11.73.154.239
Gamaliel,Larmett,glarmett4y@soup.io,Male,59.202.230.22
Antonia,Vedenyakin,avedenyakin4z@wunderground.com,Female,159.198.237.169
Morlee,Carwithim,mcarwithim50@phoca.cz,Male,5.57.142.59
Erek,Haldane,ehaldane51@ycombinator.com,Male,146.255.214.175
Kevin,Simpole,ksimpole52@free.fr,Male,217.216.134.174
Lindi,Merrydew,lmerrydew53@cnbc.com,Female,29.183.194.47
Whitman,Canellas,wcanellas54@yale.edu,Male,54.231.64.93
Prisca,Lote,plote55@umich.edu,Female,99.237.164.140
Kass,Dodd,kdodd56@altervista.org,Bigender,111.228.162.17
Eben,Malmar,emalmar57@qq.com,Male,131.82.195.208
Taite,Burrus,tburrus58@cocolog-nifty.com,Male,232.152.131.123
Dinny,Sooper,dsooper59@ftc.gov,Female,240.227.34.104
Margarete,Handyside,mhandyside5a@europa.eu,Female,60.161.11.1
Alaric,Biagini,abiagini5b@vkontakte.ru,Male,53.69.127.30
Tallulah,Flacke,tflacke5c@bandcamp.com,Female,163.221.190.99
Jacquelin,Kellaway,jkellaway5d@de.vu,Female,108.59.80.96
Alice,Boosey,aboosey5e@usa.gov,Genderfluid,61.209.243.135
Maxy,McLarnon,mmclarnon5f@live.com,Female,225.127.30.170
Gregg,Phillip,gphillip5g@163.com,Male,183.94.62.209
Margarethe,Paskins,mpaskins5h@joomla.org,Female,171.177.73.182
Danette,Isworth,disworth5i@prlog.org,Bigender,142.117.101.127
Arni,Lyster,alyster5j@wikipedia.org,Male,202.233.199.188
Desiree,Padilla,dpadilla5k@deliciousdays.com,Female,4.56.84.253
Juline,Lawrey,jlawrey5l@nps.gov,Female,251.96.54.158
Ilysa,Cornill,icornill5m@free.fr,Female,52.182.204.206
Marisa,Lyfe,mlyfe5n@ovh.net,Female,134.133.217.72
Jerrine,Ogan,jogan5o@sciencedaily.com,Female,149.205.4.216
Samaria,Simmank,ssimmank5p@pen.io,Female,4.120.162.229
Bernardine,Humbles,bhumbles5q@paypal.com,Female,42.231.75.168
Janek,Dwyer,jdwyer5r@guardian.co.uk,Male,102.244.243.100
Dorise,Berecloth,dberecloth5s@eventbrite.com,Female,110.225.125.214
Phillis,Collinette,pcollinette5t@weather.com,Female,218.188.25.30
Ernesto,Paule,epaule5u@123-reg.co.uk,Male,22.118.143.68
Charlotta,Abramsky,cabramsky5v@istockphoto.com,Female,136.212.212.181
Quinton,Bubb,qbubb5w@home.pl,Male,39.212.251.165
Valerie,Joerning,vjoerning5x@exblog.jp,Female,31.16.31.233
Cesya,Sturt,csturt5y@uol.com.br,Female,210.207.104.82
Clarke,McKechnie,cmckechnie5z@house.gov,Male,61.10.71.145
Linnet,Cody,lcody60@bravesites.com,Female,153.69.131.44
Nickie,Spreckley,nspreckley61@instagram.com,Female,222.111.179.83
Raphaela,Lewzey,rlewzey62@oakley.com,Female,177.177.28.202
Prinz,Larder,plarder63@nih.gov,Male,89.86.70.131
Emmaline,Kynvin,ekynvin64@nba.com,Female,97.42.61.175
Audrie,Elfleet,aelfleet65@blog.com,Bigender,203.17.117.3
Ester,Cornil,ecornil66@tamu.edu,Female,69.25.85.153
Shirlee,Alejandri,salejandri67@nytimes.com,Female,254.226.201.169
Nicolas,Nawton,nnawton68@yahoo.com,Male,29.157.98.26
Janean,Slade,jslade69@imdb.com,Female,214.177.58.170
Ruth,Bownde,rbownde6a@google.fr,Female,130.93.246.144
Genia,Shurlock,gshurlock6b@hp.com,Female,41.90.102.112
Georgie,De Bruijne,gdebruijne6c@vimeo.com,Male,58.47.215.222
Leonanie,Bloy,lbloy6d@goodreads.com,Female,7.190.77.52
Beauregard,Josovich,bjosovich6e@newsvine.com,Male,15.42.147.212
Farlee,Engelbrecht,fengelbrecht6f@linkedin.com,Male,132.125.11.117
Benedetta,Matthaus,bmatthaus6g@360.cn,Female,117.85.131.108
Camey,Izakoff,cizakoff6h@multiply.com,Male,105.247.33.142
Martelle,MacKnockiter,mmacknockiter6i@hc360.com,Female,209.38.87.138
Marjorie,Rennick,mrennick6j@ow.ly,Female,57.38.117.124
Frankie,Davis,fdavis6k@cloudflare.com,Male,148.45.72.140
Ario,Brehault,abrehault6l@parallels.com,Male,130.223.4.124
Melissa,Bedow,mbedow6m@addtoany.com,Bigender,4.13.232.116
Allard,Barette,abarette6n@prlog.org,Male,29.133.185.31
Farleigh,Tomaszewski,ftomaszewski6o@ameblo.jp,Male,64.27.151.85
Niles,Burtwistle,nburtwistle6p@accuweather.com,Male,92.217.34.23
Shawn,Kernock,skernock6q@gizmodo.com,Male,141.4.101.125
Jessie,Dellenbach,jdellenbach6r@omniture.com,Male,167.91.92.81
Ailina,Crass,acrass6s@narod.ru,Female,45.140.153.188
Wendell,Valente,wvalente6t@google.de,Male,50.4.33.227
Gaven,Tiltman,gtiltman6u@rakuten.co.jp,Male,123.156.131.248
Ryon,Roden,rroden6v@nifty.com,Male,108.147.17.237
Moses,Atling,matling6w@ovh.net,Male,101.110.150.24
Bailie,Hedditch,bhedditch6x@craigslist.org,Male,227.115.212.7
Benedicta,Reven,breven6y@imdb.com,Female,15.221.196.134
Blinni,Whitmore,bwhitmore6z@icq.com,Female,238.133.183.97
Innis,Davidof,idavidof70@blogs.com,Male,62.223.236.130
Deina,Acory,dacory71@tripod.com,Female,95.246.28.105
Galina,MacCleod,gmaccleod72@oaic.gov.au,Female,36.225.212.108
Sheilah,Lytlle,slytlle73@prlog.org,Female,112.120.90.215
Noelyn,Meiklem,nmeiklem74@netlog.com,Female,245.232.8.32
Dolph,Tolemache,dtolemache75@webs.com,Male,168.139.28.122
Henderson,Le Blond,hleblond76@whitehouse.gov,Male,145.67.255.26
Judy,Nias,jnias77@reddit.com,Female,70.124.222.146
Salomi,Ramel,sramel78@yelp.com,Female,32.68.83.59
Sargent,Cordsen,scordsen79@bravesites.com,Male,68.93.42.180
York,Brice,ybrice7a@pen.io,Male,193.239.28.171
Gallard,Sudell,gsudell7b@woothemes.com,Male,131.125.12.64
Erina,Hrinchenko,ehrinchenko7c@scribd.com,Female,175.154.9.20
Jaquelyn,Nertney,jnertney7d@microsoft.com,Female,173.136.193.233
Odo,Pert,opert7e@live.com,Bigender,54.240.170.173
Dudley,Aberdalgy,daberdalgy7f@tinyurl.com,Male,27.216.228.20
Tersina,Cakes,tcakes7g@unesco.org,Female,13.17.10.160
Briano,Fairfoull,bfairfoull7h@nytimes.com,Male,248.47.97.143
Nadya,Payton,npayton7i@house.gov,Female,82.152.82.253
Derrick,Godsafe,dgodsafe7j@cbslocal.com,Male,202.214.62.101
Stephen,Mothersdale,smothersdale7k@hexun.com,Male,13.255.191.72
Faun,Zavittieri,fzavittieri7l@telegraph.co.uk,Female,149.110.48.159
Arnold,Vanshin,avanshin7m@uiuc.edu,Male,105.125.0.16
Cherida,Adanez,cadanez7n@unesco.org,Female,155.75.99.4
Brewer,Aers,baers7o@bizjournals.com,Male,111.207.138.155
Carlina,Merchant,cmerchant7p@berkeley.edu,Female,224.9.145.117
Courtney,Philpotts,cphilpotts7q@angelfire.com,Male,91.202.251.55
Hamish,Cowell,hcowell7r@hugedomains.com,Male,129.12.219.24
Garrick,Gouldeby,ggouldeby7s@sourceforge.net,Male,19.44.82.16
Adorne,Peter,apeter7t@webeden.co.uk,Female,122.77.217.136
Mechelle,Gounin,mgounin7u@ocn.ne.jp,Female,237.222.207.77
Baxy,Beves,bbeves7v@fema.gov,Male,2.230.134.180
Howard,Tunnicliff,htunnicliff7w@barnesandnoble.com,Male,144.103.209.239
Alex,Winkett,awinkett7x@com.com,Female,189.204.25.115
Jsandye,Lack,jlack7y@ow.ly,Genderqueer,126.105.23.157
Doris,Dashwood,ddashwood7z@yellowpages.com,Female,187.136.173.16
Gleda,Rothschild,grothschild80@nature.com,Female,120.173.94.206
Leonid,Girardini,lgirardini81@goo.ne.jp,Male,62.54.223.16
Elmer,Kubec,ekubec82@cmu.edu,Male,164.57.115.129
Timotheus,Sheahan,tsheahan83@geocities.com,Male,176.87.87.92
Riki,Touzey,rtouzey84@imgur.com,Female,119.139.40.38
Korney,Karpf,kkarpf85@state.tx.us,Female,107.60.204.25
Adelaide,Hullin,ahullin86@slideshare.net,Female,136.135.218.75
Amelita,Shelmardine,ashelmardine87@sohu.com,Polygender,27.87.59.20
Aeriela,Brockhouse,abrockhouse88@accuweather.com,Polygender,131.42.191.70
Sigmund,Janota,sjanota89@istockphoto.com,Male,27.135.119.21
Chase,Josofovitz,cjosofovitz8a@livejournal.com,Male,107.145.67.190
Charles,Brolechan,cbrolechan8b@springer.com,Male,15.170.122.77
Corney,Stonham,cstonham8c@fastcompany.com,Male,237.107.235.249
Maddy,Abramsky,mabramsky8d@cdbaby.com,Female,240.203.151.15
Rochella,Grundwater,rgrundwater8e@wikispaces.com,Female,68.212.211.97
Dyana,Frier,dfrier8f@php.net,Female,62.9.121.133
Lorilee,Zylberdik,lzylberdik8g@booking.com,Non-binary,190.175.239.228
Salaidh,Mouth,smouth8h@eventbrite.com,Female,84.183.83.154
Itch,Sprionghall,isprionghall8i@hubpages.com,Male,101.76.148.211
Tomas,Catterill,tcatterill8j@cbsnews.com,Male,255.139.187.154
Reinaldo,McAvey,rmcavey8k@youtube.com,Male,146.68.111.53
Victoria,Ralling,vralling8l@salon.com,Female,171.125.162.21
Morie,Stammer,mstammer8m@so-net.ne.jp,Male,81.223.88.223
Alvan,Genever,agenever8n@arstechnica.com,Male,170.28.177.163
Sammie,Renish,srenish8o@de.vu,Male,142.83.99.113
Amargo,Klimshuk,aklimshuk8p@cam.ac.uk,Female,75.163.166.236
Glynda,Hyett,ghyett8q@sbwire.com,Female,242.81.189.108
Horatius,Grandison,hgrandison8r@china.com.cn,Male,219.221.20.45
Leta,Clayborn,lclayborn8s@skype.com,Female,218.47.184.82
Brianna,Bottoms,bbottoms8t@constantcontact.com,Female,1.87.202.214
Xavier,Redwin,xredwin8u@deliciousdays.com,Male,85.79.37.189
Kleon,Lockhurst,klockhurst8v@china.com.cn,Male,1.173.223.76
Dareen,Killik,dkillik8w@theguardian.com,Female,143.236.172.49
Del,McCord,dmccord8x@nhs.uk,Female,88.52.152.228
Anton,Vaillant,availlant8y@1688.com,Male,6.12.16.79
Craggie,McBryde,cmcbryde8z@hc360.com,Male,46.136.112.144
Ailbert,Isenor,aisenor90@wp.com,Male,110.109.91.213
Abramo,Vedishchev,avedishchev91@jigsy.com,Male,89.22.161.37
Britt,MacAne,bmacane92@dyndns.org,Female,211.67.116.52
Floyd,Faughey,ffaughey93@reference.com,Male,183.88.1.99
Niki,Edis,nedis94@google.it,Female,165.137.51.115
Caro,Morffew,cmorffew95@wufoo.com,Female,215.75.138.108
Allistir,Duddy,aduddy96@acquirethisname.com,Male,118.143.154.115
Bondie,Woolens,bwoolens97@utexas.edu,Male,110.45.226.30
Emmalee,Baldry,ebaldry98@jigsy.com,Female,233.85.203.11
Irita,Perillio,iperillio99@usgs.gov,Female,56.20.101.234
Keir,Purdey,kpurdey9a@cnet.com,Male,191.122.138.187
Tallia,Mervyn,tmervyn9b@skype.com,Female,207.209.219.182
Jaymee,Furley,jfurley9c@fda.gov,Female,78.53.236.156
Beltran,Doni,bdoni9d@angelfire.com,Male,110.118.130.157
Allx,Ruddom,aruddom9e@cnbc.com,Female,113.117.94.8
Dione,Treleaven,dtreleaven9f@imageshack.us,Female,210.64.86.99
Roderic,Curro,rcurro9g@themeforest.net,Male,226.153.111.184
Julina,Phelit,jphelit9h@about.com,Female,70.82.160.149
Karylin,Hubbart,khubbart9i@jugem.jp,Female,12.105.153.240
Darlleen,Leveret,dleveret9j@wufoo.com,Female,156.144.42.217
Gisela,Wyche,gwyche9k@ebay.com,Female,35.159.89.224
Belita,Beadham,bbeadham9l@pen.io,Female,88.47.144.31
Rriocard,O'Dempsey,rodempsey9m@theguardian.com,Male,209.228.145.43
Doti,Tomini,dtomini9n@bbc.co.uk,Female,74.240.241.28
Barclay,Hutten,bhutten9o@clickbank.net,Male,133.180.252.24
Emmalee,Repper,erepper9p@alexa.com,Female,78.95.20.196
Ardelis,Lissenden,alissenden9q@ebay.co.uk,Female,140.80.19.248
Blane,Law,blaw9r@squidoo.com,Male,154.159.54.26
Dido,Melchior,dmelchior9s@stanford.edu,Female,85.210.117.7
Duncan,Bartlosz,dbartlosz9t@foxnews.com,Male,15.28.71.83
Babbie,Moughton,bmoughton9u@vkontakte.ru,Female,155.83.223.134
Dalia,Farrens,dfarrens9v@bbb.org,Female,207.252.65.233
Butch,Sparry,bsparry9w@studiopress.com,Male,7.40.9.200
Meriel,Thebe,mthebe9x@1688.com,Female,247.222.56.174
Lorianna,Nunes Nabarro,lnunesnabarro9y@tinyurl.com,Female,41.163.55.190
Adiana,Lochran,alochran9z@nba.com,Female,209.71.116.21
Brinn,Baildon,bbaildona0@comsenz.com,Female,242.34.208.217
Delmor,Cudworth,dcudwortha1@arizona.edu,Male,64.251.35.28
Iormina,Rubenfeld,irubenfelda2@tinyurl.com,Female,197.74.33.181
Ninon,Dhenin,ndhenina3@aol.com,Female,54.184.236.242
Gregor,Trinbey,gtrinbeya4@fc2.com,Male,4.232.118.111
Jaime,Culcheth,jculchetha5@geocities.com,Male,7.165.52.210
Sorcha,Crumbleholme,scrumbleholmea6@ifeng.com,Female,162.128.245.4
Freddie,Scolli,fscollia7@cloudflare.com,Male,15.97.115.44
Ned,Stanborough,nstanborougha8@t.co,Male,48.129.217.223
Hillary,Du Fray,hdufraya9@nymag.com,Female,160.96.241.215
Silvana,Wrightim,swrightimaa@chronoengine.com,Female,80.225.141.159
Roth,Dunbleton,rdunbletonab@reuters.com,Male,75.16.158.8
Domenic,Prydie,dprydieac@loc.gov,Male,246.196.53.9
Arty,Ballintyne,aballintynead@woothemes.com,Male,183.53.129.79
Garald,Kline,gklineae@google.co.uk,Male,81.209.255.223
Richie,Fidoe,rfidoeaf@google.it,Male,134.98.195.180
Davide,Danihel,ddanihelag@meetup.com,Bigender,1.191.123.143
Martelle,Grindlay,mgrindlayah@seesaa.net,Female,74.50.206.5
Evania,Clausewitz,eclausewitzai@myspace.com,Female,221.79.103.154
Ramsay,Renahan,rrenahanaj@berkeley.edu,Male,74.188.122.173
Latashia,Hanny,lhannyak@posterous.com,Female,8.180.42.39
Jerald,Romain,jromainal@seesaa.net,Male,54.56.127.172
Clevey,Romanetti,cromanettiam@163.com,Male,196.15.72.21
Sheff,Barfield,sbarfieldan@clickbank.net,Male,44.255.44.136
Marcelline,Pymer,mpymerao@mozilla.com,Female,240.252.231.7
Obadiah,Gullivan,ogullivanap@hugedomains.com,Male,176.173.236.207
Benedetto,Sellars,bsellarsaq@psu.edu,Male,0.100.73.213
Major,Lundon,mlundonar@europa.eu,Male,116.92.71.133
Lammond,Leonida,lleonidaas@businessinsider.com,Male,250.170.155.55
Coretta,Tribble,ctribbleat@woothemes.com,Bigender,128.250.198.208
Mercie,Richmont,mrichmontau@opera.com,Female,173.205.109.15
Krystalle,Gilberthorpe,kgilberthorpeav@delicious.com,Female,112.154.55.183
Bondie,Scrammage,bscrammageaw@imdb.com,Male,92.169.140.208
Dale,Russan,drussanax@cornell.edu,Female,64.255.109.70
Rosemary,Wharton,rwhartonay@studiopress.com,Female,86.38.216.45
Derek,Fiddler,dfiddleraz@nasa.gov,Male,97.156.81.75
Derry,Dran,ddranb0@miitbeian.gov.cn,Male,231.104.26.146
Barrie,Bathow,bbathowb1@bloomberg.com,Female,113.39.240.105
Kearney,Mallinson,kmallinsonb2@uiuc.edu,Male,2.68.167.191
Rori,Muat,rmuatb3@msn.com,Female,11.142.12.32
Bendix,Domenicone,bdomeniconeb4@sohu.com,Male,199.57.212.37
Allistir,Whorlow,awhorlowb5@wikia.com,Male,56.53.243.221
Allsun,Spottiswood,aspottiswoodb6@mtv.com,Female,203.29.109.47
Umeko,Meddick,umeddickb7@economist.com,Female,7.92.46.7
Morissa,Bluck,mbluckb8@ed.gov,Female,221.196.55.229
Donal,Strowger,dstrowgerb9@yahoo.com,Male,209.94.163.229
Bear,Opdenorth,bopdenorthba@wiley.com,Male,5.23.239.156
Sheri,Jakoubec,sjakoubecbb@yolasite.com,Female,167.34.188.126
Bradney,Fransemai,bfransemaibc@bloglovin.com,Male,11.77.81.31
Nessa,Lamblin,nlamblinbd@chicagotribune.com,Female,187.68.84.158
Cora,Farbrace,cfarbracebe@woothemes.com,Female,188.66.133.89
Brit,Segrave,bsegravebf@ycombinator.com,Female,100.254.217.180
Rickard,Rolance,rrolancebg@xing.com,Male,233.51.244.228
Ely,Thornborrow,ethornborrowbh@naver.com,Male,165.217.63.48
Everett,Brookzie,ebrookziebi@themeforest.net,Male,112.224.193.90
Gypsy,Gioan,ggioanbj@tuttocitta.it,Female,71.3.134.106
Melisse,Decaze,mdecazebk@xing.com,Female,54.252.178.60
Joey,Heis,jheisbl@surveymonkey.com,Female,175.109.182.221
Selene,Swetmore,sswetmorebm@cornell.edu,Female,41.111.77.116
Cecilius,Maxworthy,cmaxworthybn@prweb.com,Male,158.140.239.75
Alverta,Arnley,aarnleybo@studiopress.com,Female,128.134.241.7
Hurley,Shatliff,hshatliffbp@npr.org,Male,95.232.183.26
Denney,Marcinkowski,dmarcinkowskibq@state.gov,Male,73.120.64.203
Julianne,Fitzsymon,jfitzsymonbr@pcworld.com,Female,87.172.59.235
Lilia,Hawthorn,lhawthornbs@squidoo.com,Female,72.134.237.149
Kala,Powter,kpowterbt@adobe.com,Female,50.53.254.194
Korey,Hayle,khaylebu@xing.com,Male,3.230.101.76
Alfonso,Schafer,aschaferbv@go.com,Male,118.149.37.29
Kriste,Gasnoll,kgasnollbw@huffingtonpost.com,Female,176.221.103.147
Felicdad,Peppin,fpeppinbx@hud.gov,Female,101.14.201.35
Clayborn,Carey,ccareyby@telegraph.co.uk,Male,73.102.18.202
Leslie,De Ortega,ldeortegabz@sbwire.com,Male,48.58.187.112
Amabelle,Shuxsmith,ashuxsmithc0@digg.com,Female,202.1.104.167
Riva,ducarme,rducarmec1@furl.net,Female,116.246.74.241
Desi,Murrison,dmurrisonc2@china.com.cn,Male,195.157.24.37
Galven,Goublier,ggoublierc3@ehow.com,Bigender,110.185.238.130
Alleyn,Goudie,agoudiec4@g.co,Polygender,37.12.141.71
Shep,Forryan,sforryanc5@ca.gov,Male,166.122.6.20
Klarika,Alleburton,kalleburtonc6@uiuc.edu,Female,188.255.119.180
Doria,Roots,drootsc7@chronoengine.com,Female,45.120.152.211
Aleda,Pedlingham,apedlinghamc8@tuttocitta.it,Female,212.211.149.210
Vic,John,vjohnc9@tiny.cc,Male,187.90.119.217
Earvin,Swatton,eswattonca@sciencedaily.com,Male,50.239.149.20
Isac,Tasseler,itasselercb@homestead.com,Male,151.110.167.37
Wynny,Boocock,wboocockcc@skyrock.com,Female,49.46.113.232
Skip,Fencott,sfencottcd@senate.gov,Male,150.235.100.140
Constance,Baroch,cbarochce@springer.com,Female,85.72.92.51
Llywellyn,Kondratowicz,lkondratowiczcf@omniture.com,Male,145.232.193.158
Georgy,Winchester,gwinchestercg@google.co.jp,Male,32.152.196.123
Field,Giovannacci,fgiovannaccich@hud.gov,Male,86.145.21.175
Ruttger,Higginbottam,rhigginbottamci@joomla.org,Male,52.69.121.90
Blondelle,Deroche,bderochecj@bloglines.com,Female,34.94.174.47
Lia,Brockhouse,lbrockhouseck@mozilla.org,Female,7.202.47.225
Brad,Hentzer,bhentzercl@bluehost.com,Male,92.180.222.249
Linnet,Farron,lfarroncm@ucoz.ru,Female,222.151.156.182
Eachelle,Gaither,egaithercn@nyu.edu,Polygender,41.13.26.168
Hew,Thomsson,hthomssonco@reddit.com,Male,78.160.160.31
Farly,MacGaughy,fmacgaughycp@yellowpages.com,Male,81.150.51.38
Derrik,Gerritzen,dgerritzencq@aboutads.info,Male,139.26.27.184
Erinn,Onion,eonioncr@admin.ch,Female,119.100.16.145
Spense,Bloy,sbloycs@sciencedirect.com,Male,254.33.20.239
Lyon,MacShane,lmacshanect@google.ru,Male,208.42.102.183
Batholomew,Casterou,bcasteroucu@yellowpages.com,Male,87.129.247.111
Erin,Foyston,efoystoncv@rediff.com,Genderfluid,136.38.223.239
Trina,Sidebotton,tsidebottoncw@examiner.com,Female,88.33.213.87
Jeddy,Elms,jelmscx@yolasite.com,Male,125.40.145.145
Perceval,Sein,pseincy@sourceforge.net,Male,14.200.79.66
Frankie,Lampl,flamplcz@sphinn.com,Female,128.100.219.4
Milton,Pirelli,mpirellid0@biglobe.ne.jp,Male,246.145.40.81
Allyn,Dearl,adearld1@earthlink.net,Male,237.116.250.131
Frannie,Lane,flaned2@xrea.com,Female,33.53.37.72
Saraann,Huckerby,shuckerbyd3@csmonitor.com,Non-binary,218.136.77.101
Sandy,Fayerbrother,sfayerbrotherd4@psu.edu,Bigender,59.198.220.14
Esmeralda,Jansie,ejansied5@phoca.cz,Female,138.119.66.22
Byrann,Akid,bakidd6@printfriendly.com,Male,116.165.189.112
Anya,Madders,amaddersd7@sciencedirect.com,Female,36.112.50.113
Sinclare,Gages,sgagesd8@imgur.com,Male,238.178.168.222
Dyan,Trowle,dtrowled9@cnet.com,Female,226.203.99.164
Nikita,Strippling,nstripplingda@macromedia.com,Male,114.116.92.171
Elsy,Heeps,eheepsdb@gmpg.org,Female,41.148.199.18
Fred,Houldey,fhouldeydc@merriam-webster.com,Female,239.19.158.56
Vittoria,Schindler,vschindlerdd@parallels.com,Female,178.118.210.77
Page,Verrechia,pverrechiade@elpais.com,Male,36.225.202.166
Eb,Korneev,ekorneevdf@indiatimes.com,Male,122.84.73.210
Abigale,Pigney,apigneydg@bloomberg.com,Female,86.114.193.74
Clem,Loudon,cloudondh@trellian.com,Male,249.172.38.220
Ingemar,Rimes,irimesdi@artisteer.com,Male,107.82.73.173
Tudor,Antuoni,tantuonidj@php.net,Male,133.39.199.68
Joella,Roiz,jroizdk@photobucket.com,Female,228.168.56.110
Jay,Trathan,jtrathandl@netvibes.com,Male,240.235.187.55
Herve,Wickardt,hwickardtdm@mac.com,Male,154.243.1.156
Stern,O'Brogan,sobrogandn@comcast.net,Male,184.198.54.238
Skippy,Hugland,shuglanddo@ezinearticles.com,Male,79.92.53.112
Imogen,Metcalf,imetcalfdp@instagram.com,Female,79.188.22.210
Renata,Gaunter,rgaunterdq@ning.com,Female,18.39.51.141
Gustavus,Scawen,gscawendr@ted.com,Agender,105.250.74.94
Neile,McEvoy,nmcevoyds@ning.com,Non-binary,69.235.239.131
Joyan,Addenbrooke,jaddenbrookedt@issuu.com,Genderfluid,75.227.84.255
Merwyn,Ellings,mellingsdu@alibaba.com,Male,139.78.41.45
Ashley,Bloom,abloomdv@youtube.com,Female,98.48.198.172
Karney,Trehearne,ktrehearnedw@slate.com,Male,239.199.81.252
Tannie,MacVean,tmacveandx@ft.com,Male,46.246.186.45
Nappy,Pettegre,npettegredy@addtoany.com,Male,196.195.43.130
Wendel,Roubert,wroubertdz@wired.com,Male,7.192.12.94
Dory,Chislett,dchislette0@fastcompany.com,Male,77.138.6.193
Joya,Esslement,jesslemente1@weibo.com,Female,56.137.183.91
Lorilee,Vallis,lvallise2@taobao.com,Female,191.51.214.232
Monte,Puleque,mpulequee3@nhs.uk,Male,159.54.72.14
Ursuline,Fernihough,ufernihoughe4@engadget.com,Female,183.240.62.4
Fidela,Swinfen,fswinfene5@trellian.com,Female,47.245.177.69
Julina,Franciotti,jfranciottie6@mozilla.com,Female,176.78.30.185
Cleveland,Tupp,ctuppe7@blinklist.com,Male,63.16.215.221
Valeda,Wretham,vwrethame8@drupal.org,Female,207.97.193.164
Shanon,Lenin,slenine9@myspace.com,Female,141.43.46.223
Horatius,Pennycord,hpennycordea@altervista.org,Male,156.168.177.51
Creighton,Wase,cwaseeb@foxnews.com,Male,53.8.199.152
Cordell,Kubec,ckubecec@nih.gov,Male,202.94.128.67
Atalanta,Harkins,aharkinsed@posterous.com,Female,174.12.214.150
Guillaume,Isaksson,gisakssonee@bluehost.com,Male,222.70.36.125
Lenard,Godin,lgodinef@thetimes.co.uk,Male,104.93.28.203
Margit,Jewett,mjewetteg@msu.edu,Female,236.30.30.36
Fae,Ateggart,fateggarteh@deviantart.com,Female,207.53.228.148
Buckie,Acres,bacresei@cisco.com,Male,208.234.52.125
Claiborne,Kenny,ckennyej@google.co.jp,Male,138.131.40.112
Tadeas,Cawker,tcawkerek@google.pl,Male,4.75.219.164
Stu,Burbudge,sburbudgeel@unblog.fr,Male,196.36.65.96
Adelind,Baxandall,abaxandallem@thetimes.co.uk,Genderfluid,231.141.206.249
Tirrell,Goggey,tgoggeyen@scribd.com,Male,92.104.227.127
Edouard,Bestwick,ebestwickeo@indiegogo.com,Male,167.247.82.70
Del,Este,desteep@yandex.ru,Female,94.4.122.101
Mikkel,Biasio,mbiasioeq@ehow.com,Male,122.70.106.101
Florina,Thornebarrow,fthornebarrower@wired.com,Female,174.60.6.124
Arnoldo,Hawkridge,ahawkridgees@nsw.gov.au,Male,56.159.55.244
Gertrudis,Boarleyson,gboarleysonet@delicious.com,Female,174.62.69.182
Jesselyn,Oxnam,joxnameu@sitemeter.com,Female,212.54.8.34
Orbadiah,Thaw,othawev@omniture.com,Male,193.17.172.125
Corine,Cardello,ccardelloew@cnn.com,Female,3.109.234.133
Saloma,Aleksankin,saleksankinex@princeton.edu,Female,249.227.51.80
Gisele,Boerderman,gboerdermaney@godaddy.com,Female,101.193.226.87
Franz,Patey,fpateyez@independent.co.uk,Male,248.48.15.217
Bebe,Bengle,bbenglef0@ask.com,Female,59.53.54.208
Manny,Vardy,mvardyf1@whitehouse.gov,Male,206.17.52.114
Ruperto,Chiene,rchienef2@chron.com,Male,255.187.246.142
Eddy,Casacchia,ecasacchiaf3@fc2.com,Female,142.199.153.229
Maudie,Abbatt,mabbattf4@purevolume.com,Female,3.89.200.204
Mollie,Filochov,mfilochovf5@desdev.cn,Female,239.226.185.251
Grantley,Lowndsborough,glowndsboroughf6@wordpress.com,Male,118.91.191.109
Engracia,Sayse,esaysef7@infoseek.co.jp,Female,196.103.178.38
Guilbert,Morson,gmorsonf8@shareasale.com,Male,136.177.170.129
Jaquelyn,Christopherson,jchristophersonf9@cyberchimps.com,Female,163.208.168.187
Cinda,Traviss,ctravissfa@t-online.de,Genderfluid,158.147.204.229
Bordie,Gladstone,bgladstonefb@wisc.edu,Male,214.32.125.120
Adda,O'Hanley,aohanleyfc@about.com,Genderqueer,27.41.42.180
Sue,Woller,swollerfd@google.com.hk,Female,90.209.98.102
Leigh,Alishoner,lalishonerfe@oracle.com,Male,157.55.110.44
Marlo,Varfolomeev,mvarfolomeevff@unicef.org,Female,48.115.55.228
Cort,Martina,cmartinafg@myspace.com,Male,99.186.133.112
Cecil,Smallwood,csmallwoodfh@china.com.cn,Male,12.68.49.117
Quillan,Ipsley,qipsleyfi@spiegel.de,Male,121.131.185.29
Lorry,Kopacek,lkopacekfj@comcast.net,Male,102.14.47.189
Selia,Bim,sbimfk@unblog.fr,Female,172.198.98.171
Sanders,Yarranton,syarrantonfl@rambler.ru,Male,209.26.174.202
Ryun,Minguet,rminguetfm@tiny.cc,Male,142.146.155.202
Carolina,Leisman,cleismanfn@amazon.com,Female,227.129.222.21
Paola,Klazenga,pklazengafo@gravatar.com,Female,3.217.164.198
Berget,Pound,bpoundfp@pcworld.com,Female,142.46.26.43
Arri,Percival,apercivalfq@dion.ne.jp,Male,172.106.150.76
Baxy,Walbrun,bwalbrunfr@blogtalkradio.com,Male,95.143.53.255
Peri,Royden,proydenfs@hatena.ne.jp,Female,144.4.79.189
Adler,Goakes,agoakesft@behance.net,Male,63.127.23.8
Mariette,Ferrick,mferrickfu@gizmodo.com,Female,193.128.134.127
Wright,Yurin,wyurinfv@stumbleupon.com,Male,50.111.58.238
Val,Raxworthy,vraxworthyfw@blogtalkradio.com,Female,192.116.226.64
Luella,MacCaughey,lmaccaugheyfx@cargocollective.com,Female,254.98.85.72
Gretta,Gorvin,ggorvinfy@paypal.com,Female,149.63.254.201
Rosa,Garthland,rgarthlandfz@so-net.ne.jp,Female,77.124.142.23
Virge,Tomanek,vtomanekg0@free.fr,Male,33.207.68.33
Denis,Boullin,dboulling1@bandcamp.com,Male,97.228.17.119
Inger,Bowmaker,ibowmakerg2@adobe.com,Bigender,185.58.14.52
Eugenie,Grzeszczyk,egrzeszczykg3@virginia.edu,Female,253.248.157.83
Auroora,Cropton,acroptong4@e-recht24.de,Female,208.181.191.156
Syd,Quainton,squaintong5@goodreads.com,Male,100.34.193.125
Alfie,Gounot,agounotg6@tuttocitta.it,Male,41.37.22.12
Ester,Wretham,ewrethamg7@fc2.com,Female,65.242.160.20
Vaclav,Corse,vcorseg8@illinois.edu,Male,183.199.60.93
Anya,Kubista,akubistag9@behance.net,Female,110.39.136.4
Philippe,Wakeford,pwakefordga@rambler.ru,Female,213.211.75.101
Tadeas,Cowtherd,tcowtherdgb@163.com,Male,84.65.68.190
Gene,Nolte,gnoltegc@soup.io,Male,35.33.215.47
Aurelea,Da Costa,adacostagd@elegantthemes.com,Female,86.221.226.227
Royce,Ivanikhin,rivanikhinge@4shared.com,Male,43.184.79.15
Jermaine,Gilpin,jgilpingf@ifeng.com,Female,219.245.218.238
Rabi,Brennand,rbrennandgg@bloglovin.com,Genderqueer,172.237.221.129
Zorine,Kenney,zkenneygh@pagesperso-orange.fr,Female,9.139.108.78
Karylin,Woolward,kwoolwardgi@yellowbook.com,Female,201.153.78.123
Bernetta,Hatt,bhattgj@technorati.com,Female,204.124.71.183
Joceline,Capaldo,jcapaldogk@prweb.com,Female,170.146.29.181
Granger,Bawcock,gbawcockgl@purevolume.com,Male,243.206.66.220
Paulina,Kuzma,pkuzmagm@fda.gov,Female,8.22.42.36
Jock,Knox,jknoxgn@stumbleupon.com,Male,70.236.78.89
Alberta,Gotthard,agotthardgo@e-recht24.de,Female,61.218.27.88
Siffre,Malia,smaliagp@liveinternet.ru,Male,170.11.140.15
Perl,Cridlan,pcridlangq@i2i.jp,Female,70.248.131.141
Byram,Eggleson,begglesongr@live.com,Male,136.229.31.224
Ava,Hanby,ahanbygs@google.nl,Female,60.206.19.132
Bebe,Chugg,bchugggt@wordpress.com,Female,48.13.95.105
Sigrid,Michael,smichaelgu@mtv.com,Female,138.139.206.80
Emmy,Potes,epotesgv@wordpress.com,Male,48.152.139.20
Marja,Eul,meulgw@hatena.ne.jp,Female,165.106.136.92
Karylin,Gubbins,kgubbinsgx@issuu.com,Female,233.82.49.106
Joella,MacTeggart,jmacteggartgy@intel.com,Female,54.93.160.155
Kelsey,Stubbeley,kstubbeleygz@ucoz.ru,Male,73.182.245.10
Claudianus,Menere,cmenereh0@mysql.com,Male,84.43.121.102
Cross,Pawlyn,cpawlynh1@zdnet.com,Male,42.97.239.28
Georgie,Levet,gleveth2@bigcartel.com,Polygender,254.32.108.80
Ambrosius,Raisbeck,araisbeckh3@mapy.cz,Male,130.17.0.51
Bartholomew,Kirsop,bkirsoph4@mozilla.org,Male,35.111.202.50
Olav,Ferandez,oferandezh5@nytimes.com,Male,136.196.139.246
Colline,Harty,chartyh6@ameblo.jp,Female,19.232.216.213
Laney,Catt,lcatth7@webeden.co.uk,Female,210.203.29.160
Stefa,Curnokk,scurnokkh8@360.cn,Female,197.189.174.173
Prue,Heazel,pheazelh9@mediafire.com,Bigender,95.53.6.179
Alicia,Handrick,ahandrickha@mysql.com,Female,152.95.231.0
Sansone,Roofe,sroofehb@amazon.de,Male,7.240.161.68
Gabbie,Martellini,gmartellinihc@engadget.com,Polygender,89.152.229.250
Keenan,Jupe,kjupehd@ning.com,Male,117.113.176.25
Nickie,Noden,nnodenhe@jimdo.com,Male,108.158.115.175
Magdalen,Dargue,mdarguehf@plala.or.jp,Female,40.250.70.190
Cecilia,Ovanesian,covanesianhg@typepad.com,Female,46.134.206.135
Masha,Goligher,mgoligherhh@google.cn,Female,84.180.214.130
Dorene,Cashford,dcashfordhi@zimbio.com,Non-binary,137.161.197.239
Rubi,Crispin,rcrispinhj@ebay.com,Female,40.236.251.23
Benny,Ohlsen,bohlsenhk@seesaa.net,Male,231.205.177.11
Tasha,Segrott,tsegrotthl@taobao.com,Female,165.193.223.182
Sheela,Hampshaw,shampshawhm@sitemeter.com,Female,218.76.73.40
Raven,Sibson,rsibsonhn@wix.com,Agender,237.115.143.57
Raymond,Ugolini,rugoliniho@plala.or.jp,Male,34.71.223.138
Cori,Gariff,cgariffhp@soup.io,Male,58.130.154.41
Seward,Adolthine,sadolthinehq@amazon.de,Male,248.26.212.42
Isaak,McPolin,imcpolinhr@sbwire.com,Male,89.30.17.38
Lovell,Bottrell,lbottrellhs@wikispaces.com,Male,100.204.27.169
Kerianne,Brito,kbritoht@earthlink.net,Female,156.97.74.182
Welbie,Levecque,wlevecquehu@washington.edu,Male,116.81.85.215
Vladamir,Blenkhorn,vblenkhornhv@ted.com,Male,96.2.42.28
Ase,Zanicchi,azanicchihw@cbsnews.com,Male,204.54.109.130
Ryan,Trumpeter,rtrumpeterhx@washington.edu,Male,83.122.71.42
Anselm,La Padula,alapadulahy@nsw.gov.au,Male,203.7.21.191
Vivianna,Bottby,vbottbyhz@nih.gov,Female,55.18.125.144
Corbin,Laterza,claterzai0@yellowpages.com,Male,110.26.128.60
Zane,Trask,ztraski1@tamu.edu,Male,34.39.229.215
Caprice,Freeberne,cfreebernei2@reverbnation.com,Female,181.115.125.52
Barbey,Heaton,bheatoni3@goodreads.com,Female,172.181.179.16
Easter,Ludewig,eludewigi4@google.fr,Female,49.102.168.144
Chaim,Thomel,cthomeli5@vistaprint.com,Male,201.32.126.79
Tomaso,Janjusevic,tjanjusevici6@cbsnews.com,Male,141.77.236.162
Quillan,L'Episcopio,qlepiscopioi7@elpais.com,Male,218.210.250.166
Sibyl,Gater,sgateri8@washington.edu,Female,172.15.171.204
Nicholle,Bortolomei,nbortolomeii9@columbia.edu,Female,68.116.149.52
Zeke,Hannent,zhannentia@imdb.com,Male,197.19.174.228
Gina,Simms,gsimmsib@umich.edu,Female,45.7.196.162
Germaine,Penke,gpenkeic@google.it,Non-binary,55.124.189.250
Mariann,Donaghie,mdonaghieid@paypal.com,Female,8.16.160.132
Jake,Gyrgorcewicx,jgyrgorcewicxie@technorati.com,Male,144.89.182.194
Dalli,Chadney,dchadneyif@home.pl,Male,84.49.187.221
Ludvig,Shergold,lshergoldig@sbwire.com,Male,192.104.158.53
Marybelle,Ebbutt,mebbuttih@epa.gov,Female,62.243.130.199
Elia,Gazzard,egazzardii@mozilla.org,Non-binary,253.148.137.59
Carolynn,Welband,cwelbandij@boston.com,Female,172.105.190.83
Hephzibah,Zelley,hzelleyik@dion.ne.jp,Female,161.55.227.20
Corie,Camosso,ccamossoil@tripod.com,Female,192.252.100.247
Tarah,Cady,tcadyim@51.la,Female,134.198.235.138
Corbin,Fenners,cfennersin@tuttocitta.it,Male,129.208.82.105
Rani,Quade,rquadeio@123-reg.co.uk,Female,187.120.222.90
Diandra,Adiscot,dadiscotip@example.com,Female,88.175.74.74
Antonin,Kirmond,akirmondiq@artisteer.com,Male,32.190.62.106
Meriel,Scrimgeour,mscrimgeourir@fc2.com,Female,100.184.65.152
Lockwood,Geistbeck,lgeistbeckis@wikispaces.com,Male,64.164.93.207
Davide,Scrowton,dscrowtonit@bravesites.com,Male,176.172.224.25
Lyndell,Cordery,lcorderyiu@issuu.com,Female,152.2.179.169
Melany,Bockin,mbockiniv@tinypic.com,Female,57.43.101.101
Pascale,Stracey,pstraceyiw@go.com,Male,206.8.14.56
Howey,Ommanney,hommanneyix@google.com.au,Male,14.225.187.56
Josh,O'Leahy,joleahyiy@google.ru,Male,53.74.73.117
Cindi,Duffil,cduffiliz@ucsd.edu,Female,206.117.199.157
Larry,Escritt,lescrittj0@eepurl.com,Male,122.119.14.76
Brnaby,Densey,bdenseyj1@cam.ac.uk,Male,182.219.22.102
Ax,Skelhorn,askelhornj2@state.tx.us,Male,118.185.68.53
Jone,Deeman,jdeemanj3@webmd.com,Male,179.205.124.106
Marilyn,Hazeup,mhazeupj4@infoseek.co.jp,Female,108.13.95.95
Morse,Kitcher,mkitcherj5@t.co,Male,50.191.242.184
Griffie,Severs,gseversj6@epa.gov,Male,245.58.229.71
Sheppard,Morecomb,smorecombj7@csmonitor.com,Male,194.120.149.250
Nolly,Mayhead,nmayheadj8@un.org,Male,10.145.43.144
Maxim,Setchfield,msetchfieldj9@ebay.com,Male,93.152.57.95
Bartie,Auston,baustonja@github.io,Male,26.245.25.252
Celesta,Peiser,cpeiserjb@g.co,Female,139.34.107.31
Jimmy,Kirkbright,jkirkbrightjc@xing.com,Male,215.153.154.225
Bird,Shackleford,bshacklefordjd@ebay.co.uk,Female,240.25.241.47
Shalna,Styles,sstylesje@vkontakte.ru,Female,244.194.75.112
Merwyn,Kuscha,mkuschajf@ihg.com,Male,1.138.164.233
Mathe,Waistell,mwaistelljg@ftc.gov,Male,184.99.84.113
Joye,Raywood,jraywoodjh@paginegialle.it,Female,60.102.224.36
Theresita,Schachter,tschachterji@ameblo.jp,Female,40.70.166.171
Eirena,Wank,ewankjj@google.de,Genderqueer,235.24.240.214
Cinnamon,Ockwell,cockwelljk@phoca.cz,Female,66.132.151.141
Nikolai,Millwater,nmillwaterjl@youtube.com,Male,153.97.90.213
Bonni,Skelding,bskeldingjm@scientificamerican.com,Female,236.88.211.96
Timotheus,Lippiett,tlippiettjn@shareasale.com,Male,209.142.169.207
Verena,Jantzen,vjantzenjo@slideshare.net,Female,195.159.144.213
Tabb,Ridolfo,tridolfojp@storify.com,Male,200.51.130.250
Ester,Askell,easkelljq@twitpic.com,Female,3.10.75.4
Tracy,Tree,ttreejr@nature.com,Male,97.202.71.209
Ilyssa,Nesfield,inesfieldjs@mashable.com,Female,246.229.50.208
Gerladina,Ollenbuttel,gollenbutteljt@wordpress.org,Female,233.23.133.156
Bink,McPeck,bmcpeckju@ow.ly,Male,63.21.126.138
Ingar,Breakey,ibreakeyjv@ebay.com,Male,78.201.70.73
Tamera,Bransom,tbransomjw@typepad.com,Female,177.187.155.96
Osgood,Beattie,obeattiejx@un.org,Male,101.146.205.37
Winston,Yokley,wyokleyjy@networkadvertising.org,Male,125.255.156.98
Bernardine,Grinstead,bgrinsteadjz@java.com,Female,82.35.21.200
Augusta,Cuffe,acuffek0@wsj.com,Female,215.190.30.225
Lance,Allenby,lallenbyk1@cdbaby.com,Male,119.214.117.122
Augustin,Santacrole,asantacrolek2@wp.com,Male,208.55.15.21
Mureil,Pettengell,mpettengellk3@nytimes.com,Female,15.137.84.216
Gram,Larciere,glarcierek4@scientificamerican.com,Male,210.11.92.32
Lucia,Muddimer,lmuddimerk5@princeton.edu,Female,55.114.246.207
Helga,Nortcliffe,hnortcliffek6@businesswire.com,Female,103.153.5.139
Rutter,Saterweyte,rsaterweytek7@narod.ru,Male,208.242.7.3
Fielding,Sumpner,fsumpnerk8@va.gov,Male,144.183.243.119
Rosabelle,Norrington,rnorringtonk9@answers.com,Female,128.48.161.253
Lisetta,Prangle,lprangleka@skype.com,Female,186.194.179.98
Legra,Isakson,lisaksonkb@auda.org.au,Female,10.250.201.162
Mufinella,Twinn,mtwinnkc@ucoz.com,Female,105.4.63.25
Obed,Deniscke,odenisckekd@reverbnation.com,Genderqueer,218.12.112.91
Eamon,Escoffrey,eescoffreyke@blogger.com,Male,155.222.249.253
Harley,Kobieriecki,hkobierieckikf@usnews.com,Male,88.122.192.25
Quint,Mars,qmarskg@purevolume.com,Male,106.171.180.108
Aubree,Hovey,ahoveykh@narod.ru,Female,225.3.121.105
Clerkclaude,Matkin,cmatkinki@army.mil,Male,179.52.187.122
Joyous,Amy,jamykj@bloglovin.com,Female,172.187.172.1
Thom,Axcell,taxcellkk@nationalgeographic.com,Agender,188.229.195.32
Simonette,Clouter,sclouterkl@indiatimes.com,Non-binary,175.157.117.250
Rosina,Rouff,rrouffkm@sfgate.com,Female,4.201.137.162
Roseann,Inseal,rinsealkn@g.co,Female,91.223.229.88
Fey,Heffer,fhefferko@smugmug.com,Female,132.145.118.93
Gavan,Eastwell,geastwellkp@guardian.co.uk,Male,254.75.237.52
Monte,Brobeck,mbrobeckkq@apple.com,Male,197.242.148.248
Barris,Hubatsch,bhubatschkr@taobao.com,Male,78.25.79.72
Adan,Seagood,aseagoodks@123-reg.co.uk,Male,22.128.65.205
Terra,Marusyak,tmarusyakkt@blogger.com,Female,84.17.92.20
Cindee,Joyes,cjoyesku@sourceforge.net,Female,101.95.210.94
Billi,Short,bshortkv@hubpages.com,Female,111.204.16.81
Benjy,Bullan,bbullankw@behance.net,Genderfluid,123.213.203.143
Portia,Dionisi,pdionisikx@soup.io,Female,78.121.106.209
Kacie,Kubis,kkubisky@microsoft.com,Female,1.187.140.4
Blondelle,Lipscomb,blipscombkz@google.com.br,Female,145.33.168.142
Brittani,Drinkwater,bdrinkwaterl0@senate.gov,Female,169.63.160.123
Gar,Spellacey,gspellaceyl1@sitemeter.com,Male,228.80.35.58
Salem,Scoates,sscoatesl2@google.ca,Male,218.255.45.38
Skipper,Milliere,smillierel3@addthis.com,Genderqueer,56.172.119.205
Delphine,Baress,dbaressl4@creativecommons.org,Female,107.114.72.109
Linc,Cocklin,lcocklinl5@behance.net,Male,132.164.10.251
Baldwin,Isakovitch,bisakovitchl6@rakuten.co.jp,Male,207.25.6.95
Joana,Ruddell,jruddelll7@zdnet.com,Agender,74.159.206.108
Robbin,Laval,rlavall8@rediff.com,Polygender,213.240.148.88
Petrina,Praton,ppratonl9@sbwire.com,Agender,231.239.126.136
Lurleen,Dysert,ldysertla@nhs.uk,Female,111.125.214.49
Carmon,Vondrys,cvondryslb@msn.com,Female,11.146.252.48
Tracie,Calleja,tcallejalc@buzzfeed.com,Male,208.21.22.93
Curtice,Tissell,ctissellld@amazon.com,Male,44.211.160.125
Tanitansy,Chaffin,tchaffinle@loc.gov,Bigender,35.217.149.38
Thornton,Faber,tfaberlf@macromedia.com,Male,72.218.75.82
Urban,O'Cuddie,uocuddielg@cisco.com,Male,243.89.147.41
Zoe,Purslow,zpurslowlh@csmonitor.com,Bigender,248.38.116.229
Bunni,Courtliff,bcourtliffli@scribd.com,Female,49.218.28.165
Cecilla,Minci,cmincilj@webnode.com,Female,75.183.124.26
Jacquie,Yole,jyolelk@slate.com,Genderqueer,136.21.94.78
Erinna,Huck,ehuckll@chron.com,Female,142.85.63.17
Quinn,Shelmardine,qshelmardinelm@microsoft.com,Female,213.181.197.252
Flemming,Gaskin,fgaskinln@infoseek.co.jp,Male,120.95.118.202
Coriss,Fleischmann,cfleischmannlo@sciencedaily.com,Female,164.144.230.112
Mallory,Borer,mborerlp@omniture.com,Female,54.30.223.49
Myrilla,Yurenev,myurenevlq@paginegialle.it,Genderqueer,138.143.252.235
Gilberta,Davet,gdavetlr@jugem.jp,Female,211.45.78.21
Nels,Castagneto,ncastagnetols@amazonaws.com,Male,182.145.83.220
Mort,Ferriday,mferridaylt@kickstarter.com,Male,180.4.167.159
Doug,Gothliff,dgothlifflu@hc360.com,Male,235.12.73.200
Bliss,Peirone,bpeironelv@phoca.cz,Female,202.225.72.237
Hendrika,Hynes,hhyneslw@a8.net,Female,66.225.215.50
Drusy,O'Donnelly,dodonnellylx@usnews.com,Female,207.31.55.33
Sylvan,Trytsman,strytsmanly@meetup.com,Male,158.7.33.125
Adah,Dunlea,adunlealz@senate.gov,Female,47.66.228.33
Griz,Leguey,glegueym0@nbcnews.com,Male,216.68.97.68
Rivalee,Kneale,rknealem1@prnewswire.com,Female,78.54.219.142
Engelbert,Barrett,ebarrettm2@usa.gov,Male,170.124.137.38
Alli,Tebbutt,atebbuttm3@engadget.com,Female,58.66.62.136
Celesta,Vasic,cvasicm4@hc360.com,Female,44.7.6.81
Inigo,Castanares,icastanaresm5@tamu.edu,Male,43.166.116.86
Ed,Sellor,esellorm6@bloomberg.com,Male,53.116.140.10
Collete,Gowdridge,cgowdridgem7@princeton.edu,Female,126.6.92.132
Jobyna,Greenstock,jgreenstockm8@amazon.com,Female,55.56.251.168
Anastasia,Ponting,apontingm9@skype.com,Female,113.237.75.240
Alana,Garron,agarronma@wordpress.com,Female,172.168.208.146
Letitia,Gorthy,lgorthymb@patch.com,Female,35.47.79.193
Jolee,Boissier,jboissiermc@hc360.com,Female,153.111.14.181
Reamonn,McAvey,rmcaveymd@posterous.com,Male,244.114.163.132
Paton,Godilington,pgodilingtonme@arizona.edu,Bigender,226.220.219.82
Claire,Wigfall,cwigfallmf@1688.com,Female,53.38.144.128
Mano,Gilhool,mgilhoolmg@admin.ch,Male,168.236.69.64
Rois,Vlasyev,rvlasyevmh@apache.org,Female,138.115.167.201
Edy,Amy,eamymi@opensource.org,Female,82.204.220.100
Tiebout,Tanton,ttantonmj@rakuten.co.jp,Male,47.110.37.127
Farlie,Faivre,ffaivremk@skyrock.com,Male,43.181.181.83
Fin,Paddingdon,fpaddingdonml@independent.co.uk,Male,118.229.21.208
Valma,Killough,vkilloughmm@wikia.com,Female,32.219.104.249
Berty,Trasler,btraslermn@ifeng.com,Male,230.35.67.242
Krishnah,Lutwidge,klutwidgemo@storify.com,Male,140.203.54.89
Cleo,Vedenichev,cvedenichevmp@wisc.edu,Female,35.17.241.42
Wait,Pacher,wpachermq@photobucket.com,Male,16.112.87.87
Julieta,Rutley,jrutleymr@earthlink.net,Female,78.175.140.194
Cassius,Nurse,cnursems@harvard.edu,Genderqueer,146.119.131.61
Skipton,Melody,smelodymt@discovery.com,Male,210.221.109.0
Ophelia,Marlor,omarlormu@mit.edu,Female,14.5.33.137
Lamar,Poundsford,lpoundsfordmv@google.it,Male,50.10.60.27
Goraud,Brammer,gbrammermw@wikispaces.com,Male,15.119.4.138
Melamie,Rusk,mruskmx@google.com.au,Female,38.202.235.225
Wilmar,Mold,wmoldmy@hostgator.com,Male,68.228.225.227
Ingunna,McLauchlin,imclauchlinmz@tuttocitta.it,Non-binary,198.80.8.32
Fredrick,Poacher,fpoachern0@amazon.co.jp,Genderfluid,205.91.189.73
Laughton,Collidge,lcollidgen1@google.pl,Male,65.207.90.80
Curtis,Aldgate,caldgaten2@cocolog-nifty.com,Male,13.217.152.68
Emmalyn,Gaish,egaishn3@spiegel.de,Female,118.186.213.120
Rancell,Cardus,rcardusn4@lulu.com,Male,224.239.62.215
Northrop,Brim,nbrimn5@domainmarket.com,Male,186.156.174.222
Allistir,Scandrett,ascandrettn6@imageshack.us,Male,23.194.180.93
Kalli,Getten,kgettenn7@indiegogo.com,Female,213.144.18.162
Cecilia,Keohane,ckeohanen8@pen.io,Female,204.180.246.252
Abramo,Crispin,acrispinn9@theatlantic.com,Male,1.196.5.151
Cully,Baseggio,cbaseggiona@ed.gov,Male,90.169.11.29
Chloe,Minette,cminettenb@youtu.be,Female,197.61.154.6
Brittni,Sanches,bsanchesnc@ning.com,Female,132.168.25.93
Isidro,McGenn,imcgennnd@reddit.com,Male,44.223.97.153
Curtice,McComb,cmccombne@woothemes.com,Male,70.214.204.70
Beckie,Robbins,brobbinsnf@blogtalkradio.com,Female,196.175.9.183
Saunderson,Fruser,sfruserng@taobao.com,Genderqueer,116.23.152.232
Domenico,Clews,dclewsnh@icq.com,Male,145.159.254.97
Westleigh,Stalman,wstalmanni@wikia.com,Male,127.227.43.232
Piotr,Aleksankov,paleksankovnj@imgur.com,Bigender,69.115.98.28
Agnese,Burges,aburgesnk@ifeng.com,Genderfluid,186.183.227.226
Abbot,Hullot,ahullotnl@about.me,Male,146.68.193.202
Guthrie,Agnew,gagnewnm@homestead.com,Male,127.237.148.100
Lucky,Garnar,lgarnarnn@blog.com,Female,17.179.45.145
Pepito,Garley,pgarleyno@slideshare.net,Male,207.84.67.188
Ferrel,Grantham,fgranthamnp@vinaora.com,Male,245.167.59.46
Wendell,McConnal,wmcconnalnq@is.gd,Male,113.13.156.141
Ignacius,Robillard,irobillardnr@boston.com,Male,237.113.94.125
Nesta,Goldring,ngoldringns@about.com,Female,133.245.229.87
Lianne,Reubbens,lreubbensnt@bloomberg.com,Female,227.134.56.133
Fred,Mellody,fmellodynu@mit.edu,Male,184.128.245.95
Alair,Hewins,ahewinsnv@ca.gov,Male,156.32.61.201
Sebastien,Hakonsen,shakonsennw@usnews.com,Male,197.75.89.31
Teodoor,Cosgriff,tcosgriffnx@foxnews.com,Male,229.5.233.120
Susana,Daynter,sdaynterny@prweb.com,Female,20.75.94.224
Farlie,Mochan,fmochannz@sitemeter.com,Male,180.185.127.56
Reginald,Pesek,rpeseko0@omniture.com,Male,101.197.43.156
Edwina,Greeveson,egreevesono1@epa.gov,Female,210.233.68.200
Alexandra,Seaking,aseakingo2@yellowbook.com,Female,219.133.24.225
Taylor,Banat,tbanato3@ihg.com,Male,169.90.40.56
Calv,Stanesby,cstanesbyo4@cbslocal.com,Male,118.129.168.198
Rodney,Kristiansen,rkristianseno5@rediff.com,Male,152.205.161.159
Bobine,Newbatt,bnewbatto6@odnoklassniki.ru,Female,133.28.176.152
Joyan,O'Bradane,jobradaneo7@4shared.com,Female,24.76.17.171
Salome,Rable,srableo8@gravatar.com,Female,43.145.27.140
Obadiah,Bentje,obentjeo9@pcworld.com,Male,32.147.174.92
Issiah,Blaschke,iblaschkeoa@delicious.com,Male,169.126.41.157
Alanna,Frankom,afrankomob@arizona.edu,Female,19.136.132.55
Arleyne,Duffrie,aduffrieoc@google.pl,Female,42.154.172.120
Fernandina,Petford,fpetfordod@mail.ru,Female,56.74.166.25
Chantal,Lowdeane,clowdeaneoe@hud.gov,Female,164.194.162.168
Francisca,Mignot,fmignotof@php.net,Female,110.173.142.244
Gerrie,Epperson,geppersonog@homestead.com,Female,62.178.224.252
Myer,Boken,mbokenoh@nationalgeographic.com,Male,105.156.33.75
Leroy,Isley,lisleyoi@sogou.com,Male,107.122.186.209
Hedy,Halwill,hhalwilloj@spotify.com,Female,103.187.146.116
Orland,Gawen,ogawenok@tiny.cc,Male,158.105.206.70
Randi,Kingsmill,rkingsmillol@columbia.edu,Female,139.46.165.79
Hugibert,Golde,hgoldeom@bloomberg.com,Male,219.171.91.79
Cami,Allday,calldayon@ezinearticles.com,Genderfluid,168.121.220.76
Marten,Giraldon,mgiraldonoo@examiner.com,Male,198.50.219.187
Halli,Tyson,htysonop@geocities.com,Female,33.220.119.180
Fitzgerald,Billie,fbillieoq@miibeian.gov.cn,Male,195.37.75.173
Huntington,Kobsch,hkobschor@prnewswire.com,Male,217.181.83.231
Felipe,Deer,fdeeros@hostgator.com,Male,90.250.115.26
Daven,Bunney,dbunneyot@wikispaces.com,Male,200.90.64.76
Giacomo,Puden,gpudenou@cdbaby.com,Male,194.144.6.99
Kalvin,Boman,kbomanov@usnews.com,Male,142.3.78.152
Agnesse,Paaso,apaasoow@tumblr.com,Female,133.48.70.234
Beilul,Gillingham,bgillinghamox@discovery.com,Polygender,44.240.242.78
Barnett,Dome,bdomeoy@printfriendly.com,Male,116.200.10.53
Janie,Ravilus,jravilusoz@delicious.com,Female,62.30.202.156
Salomi,Amthor,samthorp0@google.cn,Female,104.194.235.206
Miguela,Zorzin,mzorzinp1@blog.com,Female,242.26.131.238
Ebeneser,Czajkowska,eczajkowskap2@statcounter.com,Male,250.14.36.135
Maxie,Binning,mbinningp3@princeton.edu,Female,176.137.113.166
Gabbie,Simmance,gsimmancep4@domainmarket.com,Female,224.21.168.141
Mady,Shirley,mshirleyp5@telegraph.co.uk,Female,185.108.218.190
Umberto,Capeling,ucapelingp6@skype.com,Male,171.172.204.64
Raimundo,Crumley,rcrumleyp7@flickr.com,Male,177.158.58.41
Freddie,Raubheim,fraubheimp8@multiply.com,Male,150.210.45.109
Kristopher,Maunsell,kmaunsellp9@photobucket.com,Male,129.246.196.108
Debora,Parsley,dparsleypa@desdev.cn,Female,123.57.114.119
Kurt,Jahndel,kjahndelpb@vk.com,Male,47.192.17.108
Gabbie,Coweuppe,gcoweuppepc@cisco.com,Female,64.68.106.211
Leslie,MacElharge,lmacelhargepd@ask.com,Female,220.163.64.153
Vidovic,Twittey,vtwitteype@nymag.com,Male,130.166.180.125
Arleen,Raw,arawpf@cbslocal.com,Female,230.117.147.140
Oralia,Cammish,ocammishpg@go.com,Female,124.227.18.210
Agathe,Mallam,amallamph@seattletimes.com,Female,101.56.69.115
Evangeline,Roughsedge,eroughsedgepi@youtu.be,Female,32.158.239.93
Martica,Auckland,maucklandpj@xrea.com,Female,222.2.89.95
Henrieta,Peploe,hpeploepk@imdb.com,Genderqueer,32.109.221.155
Rici,Blyth,rblythpl@altervista.org,Female,213.8.74.164
Beret,Buddleigh,bbuddleighpm@purevolume.com,Female,213.125.82.106
Eyde,Sherville,eshervillepn@bbc.co.uk,Female,253.48.73.149
Weider,Eppson,weppsonpo@epa.gov,Male,28.242.120.49
Parry,Preto,ppretopp@who.int,Male,254.45.23.198
Adelice,Bloxham,abloxhampq@economist.com,Female,154.82.233.25
Rice,Weblin,rweblinpr@dmoz.org,Male,66.197.43.73
Ellene,Drysdall,edrysdallps@ox.ac.uk,Female,22.37.180.219
Davin,Lozano,dlozanopt@yellowbook.com,Male,144.7.18.5
Zia,Seden,zsedenpu@google.com.au,Female,63.34.132.63
Kat,Belderfield,kbelderfieldpv@rakuten.co.jp,Female,208.110.19.12
Kelbee,Rennebach,krennebachpw@merriam-webster.com,Male,159.99.243.202
Blair,Mulbery,bmulberypx@constantcontact.com,Male,136.191.217.51
Darcee,Dyshart,ddyshartpy@istockphoto.com,Female,132.71.45.113
Nappy,Olman,nolmanpz@msn.com,Male,233.99.44.157
Billie,Venediktov,bvenediktovq0@army.mil,Female,219.79.175.108
Vail,O'Fearguise,vofearguiseq1@lulu.com,Male,168.144.79.34
Carrie,Dorkins,cdorkinsq2@live.com,Female,60.7.166.39
Loren,Davitt,ldavittq3@archive.org,Female,236.156.110.123
Lisabeth,Colliss,lcollissq4@digg.com,Female,190.8.17.172
Waite,Withers,wwithersq5@cloudflare.com,Male,127.95.252.51
Rose,Tabary,rtabaryq6@columbia.edu,Female,47.57.192.184
Thea,Beaumont,tbeaumontq7@slideshare.net,Female,212.1.192.223
Joseph,Caddie,jcaddieq8@howstuffworks.com,Male,35.212.34.97
Nikola,Bruton,nbrutonq9@yandex.ru,Bigender,194.172.145.77
Cleavland,Lghan,clghanqa@homestead.com,Male,65.82.18.178
Tiff,Maughan,tmaughanqb@cocolog-nifty.com,Female,30.180.162.90
Dita,Kuhne,dkuhneqc@auda.org.au,Female,238.94.200.130
Skye,Hallums,shallumsqd@ning.com,Male,127.8.44.85
Nathalie,Sparhawk,nsparhawkqe@networksolutions.com,Female,172.108.82.16
Guntar,Horsey,ghorseyqf@themeforest.net,Male,226.251.87.142
Halsy,Turone,hturoneqg@amazon.co.uk,Male,157.179.168.177
Gabriel,Folli,gfolliqh@prweb.com,Male,241.166.241.230
Kelsey,Sands,ksandsqi@tinyurl.com,Male,249.234.208.43
Cleopatra,Louedey,clouedeyqj@ameblo.jp,Female,60.30.107.175
Venus,Wickes,vwickesqk@earthlink.net,Female,7.75.195.109
Tad,Rama,tramaql@blogs.com,Male,234.0.205.0
Erick,Heindl,eheindlqm@arstechnica.com,Male,80.239.238.254
Hendrick,Putley,hputleyqn@cisco.com,Male,240.243.110.77
Pippy,Tressler,ptresslerqo@howstuffworks.com,Female,1.77.173.154
Shalom,Grieg,sgriegqp@sciencedaily.com,Genderfluid,78.67.172.250
Rania,de Leon,rdeleonqq@microsoft.com,Bigender,80.129.43.119
Domenic,Menezes,dmenezesqr@nytimes.com,Male,240.82.85.240
Beau,Martensen,bmartensenqs@edublogs.org,Male,117.116.106.97
Elisabet,Griffiths,egriffithsqt@ucla.edu,Female,251.195.186.132
Cathie,Ofield,cofieldqu@yahoo.co.jp,Female,76.138.18.157
Camellia,Berkeley,cberkeleyqv@alexa.com,Polygender,48.40.177.60
Francyne,Cranmere,fcranmereqw@mayoclinic.com,Female,88.171.68.176
Merry,Cordner,mcordnerqx@linkedin.com,Female,58.218.54.31
Gian,Chin,gchinqy@ezinearticles.com,Male,137.71.217.75
Jesselyn,Andersen,jandersenqz@a8.net,Female,187.51.2.18
Eddy,Kieran,ekieranr0@answers.com,Male,191.214.241.172
Kaitlyn,Dayly,kdaylyr1@unicef.org,Female,148.109.63.157
Poppy,Dover,pdoverr2@princeton.edu,Female,117.150.87.1
Coraline,Abys,cabysr3@upenn.edu,Female,218.164.165.220
Lennard,McParlin,lmcparlinr4@amazon.co.jp,Male,160.115.31.48
Perry,Grellis,pgrellisr5@hud.gov,Female,74.228.237.228
Pietra,Crighton,pcrightonr6@rediff.com,Female,127.15.246.20
Olympia,Greader,ogreaderr7@unc.edu,Female,113.244.3.215
Lauryn,Bullick,lbullickr8@thetimes.co.uk,Female,28.90.169.30
Booth,Bramsen,bbramsenr9@toplist.cz,Male,69.175.56.67
Shaine,Meys,smeysra@admin.ch,Male,54.170.17.59
Rab,Carr,rcarrrb@cbsnews.com,Male,229.78.91.174
Bevon,Twallin,btwallinrc@paypal.com,Male,252.206.200.55
Willie,Hemphrey,whemphreyrd@51.la,Male,214.244.192.201
Caldwell,Nordass,cnordassre@slate.com,Male,246.9.218.205
Roxy,Spottswood,rspottswoodrf@google.ru,Female,15.177.129.118
Clemmie,Catherine,ccatherinerg@godaddy.com,Male,163.238.251.204
Georgianne,Theobold,gtheoboldrh@stumbleupon.com,Female,207.193.8.121
Edy,Meyer,emeyerri@craigslist.org,Female,223.127.63.130
Bernardina,Leathem,bleathemrj@webmd.com,Female,161.82.200.14
Scotti,Madill,smadillrk@topsy.com,Male,55.171.223.98
Gabriela,Vaudre,gvaudrerl@dailymail.co.uk,Female,217.22.10.239
Charley,Tarrant,ctarrantrm@ucsd.edu,Male,93.51.205.98
Mina,McGaughay,mmcgaughayrn@blogger.com,Genderqueer,58.120.82.180
Andres,Di Ruggero,adiruggeroro@merriam-webster.com,Male,127.68.27.14
Adolf,Gardiner,agardinerrp@opera.com,Male,226.203.217.44
Bogey,O' Flaherty,boflahertyrq@goodreads.com,Male,251.45.220.186
Stanislaus,Mulvaney,smulvaneyrr@eventbrite.com,Male,124.77.206.164
