first_name,last_name,email,gender,ip_address
Jacquette,Camerana,jcamerana0@columbia.edu,Female,223.39.141.220
Elias,Le Jean,elejean1@jalbum.net,Male,242.1.0.51
Jack,Cess,jcess2@aboutads.info,Male,2.131.144.209
Monah,Domerque,mdomerque3@slideshare.net,Female,86.195.58.92
Ignatius,Pentecost,ipentecost4@technorati.com,Male,16.133.131.48
Larissa,Bonelle,lbonelle5@pbs.org,Female,197.130.129.19
Chelsea,Swinfen,cswinfen6@ebay.com,Female,205.132.19.105
Merry,Grob,mgrob7@google.ca,Female,220.58.175.70
Nadia,Otteridge,notteridge8@nature.com,Genderfluid,198.182.138.87
Celene,Vernazza,cvernazza9@booking.com,Female,124.154.142.72
Jacinthe,Briamo,jbriamoa@hexun.com,Female,99.204.142.226
Lula,Schofield,lschofieldb@utexas.edu,Agender,185.43.139.250
Edythe,Holbury,eholburyc@google.ca,Female,146.9.150.100
Carly,Salvadori,csalvadorid@ucoz.com,Female,248.133.155.65
Denise,Screas,dscrease@army.mil,Female,36.57.6.52
Madel,Mattiessen,mmattiessenf@bizjournals.com,Female,198.235.44.232
Luz,Rawsen,lrawseng@moonfruit.com,Genderfluid,65.186.84.164
Loralie,Goudie,lgoudieh@ameblo.jp,Female,195.101.37.184
Orrin,Maides,omaidesi@unicef.org,Male,89.167.226.254
Baryram,Leblanc,bleblancj@360.cn,Male,112.62.41.32
Abe,McAuliffe,amcauliffek@friendfeed.com,Male,166.177.97.186
Miriam,Grishin,mgrishinl@123-reg.co.uk,Female,101.58.162.76
Auria,Rose,arosem@reference.com,Female,96.82.194.18
Lorant,Laidlow,llaidlown@deliciousdays.com,Male,125.234.193.189
Ram,Britney,rbritneyo@ezinearticles.com,Male,27.179.223.162
Derron,Nigh,dnighp@cbslocal.com,Male,198.131.24.155
Inga,Gianni,igianniq@cbc.ca,Female,28.13.228.1
Jdavie,Benini,jbeninir@prlog.org,Male,56.87.91.223
Abbye,Ibotson,aibotsons@dyndns.org,Female,32.251.176.86
Howard,Fear,hfeart@4shared.com,Male,73.66.100.233
Morley,Cawdron,mcawdronu@trellian.com,Male,107.21.73.251
Branden,Rummins,brumminsv@wordpress.com,Male,232.156.203.40
Saul,Eyam,seyamw@1688.com,Non-binary,213.49.13.254
Verna,Marshall,vmarshallx@gmpg.org,Female,155.53.232.140
Lazare,Salvidge,lsalvidgey@examiner.com,Male,151.3.226.180
Lilith,Murrison,lmurrisonz@phpbb.com,Female,186.222.226.1
Bronnie,Djuricic,bdjuricic10@creativecommons.org,Male,100.229.68.50
Melli,Silman,msilman11@admin.ch,Polygender,102.118.94.113
Dyanna,Swett,dswett12@twitter.com,Female,33.7.195.74
Ninnetta,Gerling,ngerling13@fotki.com,Female,153.169.53.151
Olin,Caville,ocaville14@drupal.org,Male,133.227.11.210
Laney,Killiner,lkilliner15@amazon.co.uk,Male,78.138.237.207
Gav,Walklott,gwalklott16@skyrock.com,Male,161.245.65.101
Tessie,Woodberry,twoodberry17@oaic.gov.au,Female,239.202.137.251
Merle,Tither,mtither18@macromedia.com,Male,162.189.166.223
Larine,Grushin,lgrushin19@sphinn.com,Female,247.209.172.237
Reynold,Corbridge,rcorbridge1a@webnode.com,Male,57.171.10.212
Doreen,Mixture,dmixture1b@discovery.com,Female,34.146.177.144
Clem,Hayselden,chayselden1c@sciencedirect.com,Male,32.103.87.218
Lisha,Creer,lcreer1d@spiegel.de,Female,128.228.114.137
Tulley,Tregear,ttregear1e@intel.com,Male,226.114.18.59
Jewell,Lote,jlote1f@paypal.com,Genderqueer,51.149.43.241
Patric,Ianilli,pianilli1g@skyrock.com,Male,21.164.172.104
Maxine,Prando,mprando1h@utexas.edu,Non-binary,253.77.145.100
Eliot,Fuller,efuller1i@gnu.org,Male,197.255.45.54
Corenda,Chalk,cchalk1j@netscape.com,Female,37.30.195.197
Christoper,Nellen,cnellen1k@comsenz.com,Male,106.149.34.60
Karissa,Wettern,kwettern1l@independent.co.uk,Polygender,231.47.94.231
Annabell,Osman,aosman1m@newsvine.com,Female,141.125.174.195
Mason,Trevascus,mtrevascus1n@trellian.com,Male,77.41.202.175
Jake,Aicheson,jaicheson1o@addthis.com,Male,17.134.117.239
Emelen,Hamshere,ehamshere1p@t-online.de,Male,45.105.97.207
Lacey,Gyngyll,lgyngyll1q@irs.gov,Female,83.212.146.217
Ash,Fratczak,afratczak1r@com.com,Male,186.59.210.253
Salomon,Kasher,skasher1s@smugmug.com,Male,143.25.127.35
Sylas,Docket,sdocket1t@uiuc.edu,Male,38.79.188.90
Naomi,Medley,nmedley1u@tripadvisor.com,Female,168.160.235.91
Karina,Dechelle,kdechelle1v@domainmarket.com,Female,102.79.159.181
Amara,Sumshon,asumshon1w@surveymonkey.com,Agender,18.9.80.180
Dawn,Witcombe,dwitcombe1x@miitbeian.gov.cn,Female,181.20.217.100
Anabal,Broske,abroske1y@privacy.gov.au,Female,53.236.245.14
Wyatt,Priestley,wpriestley1z@ehow.com,Genderfluid,10.32.34.31
Winn,Seviour,wseviour20@yahoo.com,Male,60.219.206.46
Steffane,Badby,sbadby21@amazonaws.com,Female,82.122.119.162
Ahmad,Dufaire,adufaire22@google.pl,Male,119.144.51.132
Loleta,Tchaikovsky,ltchaikovsky23@meetup.com,Female,225.82.147.167
Shay,Kinsey,skinsey24@jimdo.com,Male,27.224.20.237
Jacob,Tolson,jtolson25@live.com,Male,85.60.199.9
Vern,Evers,vevers26@yahoo.co.jp,Male,208.143.53.73
Moira,Seiller,mseiller27@webmd.com,Female,33.241.176.115
Koenraad,Wetton,kwetton28@over-blog.com,Male,172.1.79.0
Anderson,Faulds,afaulds29@ed.gov,Male,186.40.201.98
Laure,Wasielewicz,lwasielewicz2a@mayoclinic.com,Female,45.187.69.56
Julissa,Burns,jburns2b@delicious.com,Female,75.95.215.215
Dory,Blaymires,dblaymires2c@sakura.ne.jp,Male,77.52.106.169
Jerrie,MacMoyer,jmacmoyer2d@sfgate.com,Female,95.105.212.159
Scot,Pettwood,spettwood2e@oakley.com,Male,90.227.206.162
Adel,Rickword,arickword2f@army.mil,Female,134.69.59.147
Hildagard,Stollwerck,hstollwerck2g@4shared.com,Female,58.108.48.243
Betty,Dominichelli,bdominichelli2h@homestead.com,Female,52.186.123.53
Merrily,Kures,mkures2i@geocities.com,Female,17.228.25.176
Kendre,Letts,kletts2j@discovery.com,Female,223.51.161.212
Sylas,Jennaroy,sjennaroy2k@friendfeed.com,Male,156.131.129.125
Dew,Jones,djones2l@histats.com,Male,203.192.32.131
Mile,Hissie,mhissie2m@engadget.com,Male,60.205.43.106
Gwendolin,Gostick,ggostick2n@uiuc.edu,Female,195.130.158.138
Olivie,Lace,olace2o@wisc.edu,Female,170.214.118.167
Worthington,Skill,wskill2p@oracle.com,Male,68.112.6.169
Winfred,Dalgetty,wdalgetty2q@plala.or.jp,Male,76.137.253.219
Huey,Killick,hkillick2r@multiply.com,Male,202.108.84.170
Lothario,Spellward,lspellward2s@umn.edu,Male,205.242.13.2
Emlen,Dunridge,edunridge2t@blog.com,Male,107.252.200.65
Gertrudis,Chaffin,gchaffin2u@washington.edu,Female,169.243.92.71
Anthony,Chmarny,achmarny2v@soup.io,Genderqueer,97.63.152.42
Anabal,Johnsey,ajohnsey2w@dagondesign.com,Female,251.238.97.141
Sandor,Irnys,sirnys2x@archive.org,Male,163.152.100.224
Isidor,Isaak,iisaak2y@usnews.com,Male,83.139.227.121
Minor,Caren,mcaren2z@latimes.com,Male,72.105.7.14
Rhiamon,Kennedy,rkennedy30@zdnet.com,Female,44.220.142.249
Pattie,Seamarke,pseamarke31@imageshack.us,Female,22.62.120.38
Tremaine,Perez,tperez32@cdbaby.com,Male,152.107.204.153
Claybourne,Postan,cpostan33@boston.com,Male,217.137.205.96
Loria,Pietraszek,lpietraszek34@shop-pro.jp,Female,207.63.143.212
Darren,Dumbrall,ddumbrall35@bluehost.com,Male,52.167.202.191
Katuscha,Winham,kwinham36@yale.edu,Female,37.87.42.119
Manfred,Miklem,mmiklem37@netscape.com,Male,17.247.160.170
Doloritas,Frandsen,dfrandsen38@businesswire.com,Bigender,118.211.147.169
Alessandro,Segebrecht,asegebrecht39@freewebs.com,Male,191.96.236.65
Roz,Liptrot,rliptrot3a@naver.com,Female,57.219.57.186
Jasen,Purle,jpurle3b@about.me,Male,124.130.189.48
Joline,Physick,jphysick3c@odnoklassniki.ru,Female,69.97.138.27
Spence,Gouda,sgouda3d@merriam-webster.com,Male,255.18.21.152
Drucy,Josephsen,djosephsen3e@multiply.com,Female,209.132.31.218
Merrick,Dober,mdober3f@themeforest.net,Male,170.220.35.155
Janith,Parlet,jparlet3g@purevolume.com,Female,167.163.231.205
Kim,Redholls,kredholls3h@amazonaws.com,Male,195.201.95.104
Hayley,Skellington,hskellington3i@microsoft.com,Female,107.74.253.13
Vania,Hilldrup,vhilldrup3j@mit.edu,Female,86.156.104.242
Kinsley,Buret,kburet3k@yahoo.co.jp,Bigender,148.48.236.165
Riccardo,Roony,rroony3l@nymag.com,Male,250.104.55.5
Nathaniel,Pilley,npilley3m@purevolume.com,Male,147.154.221.158
Patrice,Wickwar,pwickwar3n@live.com,Male,140.136.250.58
Adrianna,Blampied,ablampied3o@bravesites.com,Female,86.28.175.171
Bunni,Monni,bmonni3p@google.ru,Female,43.52.184.164
Noni,Jessep,njessep3q@cargocollective.com,Female,4.124.195.222
Freedman,Reddyhoff,freddyhoff3r@wp.com,Male,186.223.29.145
Maynord,Waterstone,mwaterstone3s@so-net.ne.jp,Polygender,21.32.83.203
Kylila,Bidewell,kbidewell3t@google.pl,Female,249.27.55.141
Chancey,Kernes,ckernes3u@netlog.com,Male,185.194.27.199
Milicent,Boykett,mboykett3v@mayoclinic.com,Female,113.160.28.94
George,Normandale,gnormandale3w@stumbleupon.com,Female,100.71.242.163
Sisely,Shervil,sshervil3x@phoca.cz,Female,169.17.120.241
Chrotoem,Stoade,cstoade3y@ucla.edu,Male,10.156.194.61
Pauly,Barensen,pbarensen3z@loc.gov,Male,24.150.243.172
Anna-maria,Cockney,acockney40@wunderground.com,Female,187.215.224.88
Elysee,De Caroli,edecaroli41@dell.com,Female,166.54.167.23
Carlye,Geldard,cgeldard42@economist.com,Female,167.209.100.151
Nikkie,Trenbay,ntrenbay43@ask.com,Female,151.51.197.167
Friederike,Thwaites,fthwaites44@microsoft.com,Female,113.169.194.203
Thibaud,Matonin,tmatonin45@wordpress.org,Male,15.77.2.115
Fairleigh,Archambault,farchambault46@shinystat.com,Male,236.134.166.162
Godwin,Worsell,gworsell47@geocities.jp,Male,218.204.90.192
Ignazio,Phinnessy,iphinnessy48@amazon.de,Male,165.89.125.93
Vladimir,Haxell,vhaxell49@cyberchimps.com,Male,66.103.240.56
Martynne,Coote,mcoote4a@seesaa.net,Female,168.39.212.47
Nikolai,Terrelly,nterrelly4b@smh.com.au,Male,209.122.190.175
Tudor,Nisard,tnisard4c@apple.com,Male,2.145.235.231
Rickie,Blodget,rblodget4d@ucoz.ru,Female,204.13.118.244
Steffi,Haggerwood,shaggerwood4e@alexa.com,Female,230.175.101.247
Lenna,Perillo,lperillo4f@independent.co.uk,Female,181.192.63.46
Bonita,Habbon,bhabbon4g@ow.ly,Female,252.231.96.237
Cyndy,Caslett,ccaslett4h@surveymonkey.com,Female,85.54.102.80
Reilly,Raine,rraine4i@creativecommons.org,Male,180.225.119.14
Diena,Rhoades,drhoades4j@twitpic.com,Female,135.230.252.40
Dulci,Lehrian,dlehrian4k@1688.com,Female,232.135.220.108
Devan,Bredgeland,dbredgeland4l@apache.org,Female,52.223.89.161
Carl,Godlee,cgodlee4m@msn.com,Male,245.167.6.248
Maury,Roberds,mroberds4n@harvard.edu,Male,249.55.160.167
Parry,Sarginson,psarginson4o@uiuc.edu,Male,96.126.135.231
Wakefield,Klimpke,wklimpke4p@geocities.com,Male,158.181.28.197
Cliff,Jantzen,cjantzen4q@eepurl.com,Male,176.91.138.31
Blair,Clacson,bclacson4r@china.com.cn,Male,236.47.94.123
Erie,Komorowski,ekomorowski4s@eepurl.com,Male,106.183.150.242
Benjy,Pexton,bpexton4t@sphinn.com,Male,91.214.239.54
Johnette,Instrell,jinstrell4u@upenn.edu,Female,79.139.100.89
Lusa,Hounsom,lhounsom4v@eepurl.com,Female,131.32.84.178
Brendin,Quernel,bquernel4w@washington.edu,Bigender,112.238.133.91
Rogerio,Boustead,rboustead4x@sina.com.cn,Male,33.21.204.229
Sidonia,Syce,ssyce4y@tumblr.com,Female,5.210.146.251
Ronny,Coombe,rcoombe4z@github.io,Genderfluid,71.47.154.182
Eleni,Eisig,eeisig50@wunderground.com,Female,182.66.61.6
Elysha,Sallter,esallter51@surveymonkey.com,Female,245.126.252.223
Ingunna,Jocelyn,ijocelyn52@quantcast.com,Bigender,190.12.46.234
Licha,McCarron,lmccarron53@squarespace.com,Female,61.57.221.150
Erna,Geere,egeere54@wiley.com,Female,72.195.43.236
Marian,Cathrae,mcathrae55@businessinsider.com,Polygender,201.156.136.158
Lucian,Burgin,lburgin56@dell.com,Male,202.79.47.191
Caitrin,Jennrich,cjennrich57@1688.com,Female,45.28.25.40
Laurene,Ridgley,lridgley58@cargocollective.com,Female,174.241.19.203
Aubrey,Siward,asiward59@spotify.com,Agender,47.48.54.235
Lucky,Lakeman,llakeman5a@sphinn.com,Female,64.199.36.204
Fancie,Danilovich,fdanilovich5b@youtube.com,Female,131.52.49.192
Denny,Cushion,dcushion5c@yandex.ru,Female,68.41.239.227
Penelope,Barkshire,pbarkshire5d@cloudflare.com,Female,138.182.220.127
Giraldo,Campos,gcampos5e@unc.edu,Male,0.195.11.157
Honoria,Peat,hpeat5f@miitbeian.gov.cn,Female,160.1.240.124
Dyanna,Godfery,dgodfery5g@earthlink.net,Female,154.208.179.192
Murray,Minear,mminear5h@amazon.de,Male,48.84.254.209
Evita,Kemson,ekemson5i@youtube.com,Female,108.229.35.101
Whitaker,Woodlands,wwoodlands5j@wisc.edu,Male,253.202.72.26
Windham,Ciraldo,wciraldo5k@walmart.com,Male,73.19.70.210
Wolfy,Mustoo,wmustoo5l@vkontakte.ru,Male,112.15.223.6
Harwilll,Polglase,hpolglase5m@dedecms.com,Male,42.107.106.20
Omero,Condon,ocondon5n@jiathis.com,Male,6.36.163.249
Lemuel,Birdseye,lbirdseye5o@histats.com,Male,196.222.20.139
Clare,Campsall,ccampsall5p@elegantthemes.com,Male,254.139.113.123
Mac,Liebermann,mliebermann5q@dot.gov,Male,50.141.32.36
Stafford,Fullerd,sfullerd5r@homestead.com,Male,127.249.10.72
Sax,Enric,senric5s@naver.com,Polygender,118.59.3.255
Marti,Gritland,mgritland5t@bizjournals.com,Female,177.105.128.128
Sammy,Enns,senns5u@cbslocal.com,Male,41.161.8.29
Gerry,Grishelyov,ggrishelyov5v@noaa.gov,Male,225.98.236.26
Carlo,Dand,cdand5w@washington.edu,Male,64.45.250.203
Carolus,Mangan,cmangan5x@etsy.com,Male,194.29.122.45
Denys,Feldharker,dfeldharker5y@studiopress.com,Female,4.236.21.17
Randie,Seaman,rseaman5z@va.gov,Male,178.193.19.119
Alica,Powers,apowers60@bloomberg.com,Female,221.8.89.55
Gregoire,Critzen,gcritzen61@alexa.com,Male,58.71.173.2
Mignon,Shambroke,mshambroke62@cyberchimps.com,Female,60.225.42.213
Ailbert,MacNeilage,amacneilage63@blogger.com,Male,94.233.222.216
Stoddard,Hidderley,shidderley64@ed.gov,Female,221.234.35.59
Kippie,Bummfrey,kbummfrey65@hatena.ne.jp,Male,69.68.154.91
Georgi,Copnall,gcopnall66@redcross.org,Male,11.212.56.121
Lucien,Heningam,lheningam67@illinois.edu,Male,150.91.141.150
Ellsworth,Furzer,efurzer68@cornell.edu,Male,249.96.9.131
Elisa,Sey,esey69@blog.com,Genderqueer,92.252.194.124
Wit,Genever,wgenever6a@umich.edu,Male,145.217.189.5
Zora,Waby,zwaby6b@dedecms.com,Female,86.34.111.233
Ugo,Myerscough,umyerscough6c@bizjournals.com,Male,194.44.60.150
Wylie,Rabley,wrabley6d@yandex.ru,Male,101.115.120.41
Lorin,Inch,linch6e@bing.com,Male,247.254.228.179
Flo,Ubsdell,fubsdell6f@bizjournals.com,Female,75.131.26.144
Tess,Baggarley,tbaggarley6g@gravatar.com,Female,112.183.2.49
Conchita,Broker,cbroker6h@altervista.org,Female,152.38.247.94
Stearne,Whightman,swhightman6i@goo.ne.jp,Male,60.137.175.35
Massimiliano,Tomaskov,mtomaskov6j@abc.net.au,Male,196.117.15.108
Judd,Jerg,jjerg6k@state.tx.us,Male,222.184.239.87
Sheelah,Aris,saris6l@odnoklassniki.ru,Female,33.202.113.171
Tamiko,Shillingford,tshillingford6m@ow.ly,Female,146.52.219.146
Colver,McCrone,cmccrone6n@ftc.gov,Male,197.198.171.117
Flss,Mazin,fmazin6o@privacy.gov.au,Female,67.251.210.181
Roxanna,Lammas,rlammas6p@hud.gov,Female,212.110.8.131
Margareta,Rosevear,mrosevear6q@liveinternet.ru,Female,188.127.51.72
Menard,Cragell,mcragell6r@tinypic.com,Male,57.137.4.107
Keary,Lannen,klannen6s@independent.co.uk,Male,72.203.159.66
Trudey,Lelliott,tlelliott6t@geocities.com,Female,170.163.100.227
Roosevelt,Hamfleet,rhamfleet6u@t.co,Male,120.227.106.166
Adriane,Broodes,abroodes6v@psu.edu,Genderqueer,234.146.2.65
Morgan,Duggon,mduggon6w@fda.gov,Male,218.188.45.139
Phaidra,Deppe,pdeppe6x@toplist.cz,Female,79.228.158.226
Georgy,Plank,gplank6y@ovh.net,Male,81.158.255.70
Cristie,Shewen,cshewen6z@vkontakte.ru,Female,114.32.89.46
Anet,Salack,asalack70@addtoany.com,Female,36.247.143.36
Clayborn,Kopfer,ckopfer71@addthis.com,Male,222.225.91.55
Adelina,Slidders,aslidders72@diigo.com,Female,35.254.122.226
Rosana,Antoni,rantoni73@360.cn,Female,227.235.244.49
Cass,Duffield,cduffield74@telegraph.co.uk,Bigender,122.161.254.105
Lia,Plaskitt,lplaskitt75@yahoo.co.jp,Female,99.181.31.5
Marcella,Fontelles,mfontelles76@youtu.be,Female,226.161.162.108
Mariya,Fragino,mfragino77@yelp.com,Female,100.139.92.104
Rex,Halahan,rhalahan78@spiegel.de,Male,231.25.67.66
Hayes,VanBrugh,hvanbrugh79@scientificamerican.com,Male,50.55.53.51
Charissa,Swyer,cswyer7a@sciencedaily.com,Female,95.89.140.237
Gwendolen,Bettison,gbettison7b@networkadvertising.org,Female,217.146.162.219
Jedidiah,Brownhill,jbrownhill7c@t-online.de,Male,208.240.140.223
Filberto,Mechi,fmechi7d@ebay.co.uk,Male,225.39.212.67
Beatrix,Leask,bleask7e@cloudflare.com,Female,57.73.9.127
Quill,Craiker,qcraiker7f@walmart.com,Male,162.221.229.34
Roarke,Chellingworth,rchellingworth7g@bigcartel.com,Male,110.98.224.203
Earl,Wharmby,ewharmby7h@vimeo.com,Genderfluid,213.242.66.208
Jonell,Mimmack,jmimmack7i@twitter.com,Female,31.6.131.226
Jacynth,Rettie,jrettie7j@ning.com,Polygender,151.68.154.203
Constanta,Tibald,ctibald7k@mail.ru,Female,117.118.49.204
Ellette,Dearing,edearing7l@exblog.jp,Female,45.81.163.163
Alex,Himpson,ahimpson7m@list-manage.com,Female,250.85.176.10
Janeczka,Jerrom,jjerrom7n@ezinearticles.com,Female,109.115.216.117
Koral,De Maria,kdemaria7o@china.com.cn,Female,99.235.53.91
Anders,Maudlen,amaudlen7p@nydailynews.com,Male,200.70.168.101
Cortney,Drysdale,cdrysdale7q@gravatar.com,Female,59.187.23.173
Blithe,Bissell,bbissell7r@prweb.com,Female,111.112.21.235
Trixi,Stockford,tstockford7s@i2i.jp,Female,184.33.228.4
Evangelia,Icke,eicke7t@apache.org,Female,123.134.3.228
Iorgos,Verheijden,iverheijden7u@fema.gov,Male,41.6.95.110
Sydel,Larvent,slarvent7v@latimes.com,Female,216.191.79.186
Collen,Sones,csones7w@webnode.com,Female,138.235.132.226
Phaidra,Coon,pcoon7x@jiathis.com,Female,6.43.25.158
Matthiew,Sturt,msturt7y@ft.com,Male,247.163.108.115
Alf,Udy,audy7z@ucoz.com,Male,175.129.107.202
Sibyl,Dochon,sdochon80@oracle.com,Male,152.161.19.62
Jessie,Rix,jrix81@dion.ne.jp,Female,145.205.214.219
Rayna,Adshead,radshead82@ovh.net,Female,124.111.228.182
Bengt,Thebe,bthebe83@mit.edu,Male,90.41.177.188
Raviv,Bagnall,rbagnall84@guardian.co.uk,Male,52.206.126.172
Eileen,Seamon,eseamon85@mail.ru,Female,73.99.84.183
Iolande,Punchard,ipunchard86@stanford.edu,Female,73.196.48.104
Melosa,Pennino,mpennino87@aboutads.info,Female,177.168.186.122
Yurik,Dodd,ydodd88@example.com,Genderqueer,57.68.122.83
Freddie,Murtell,fmurtell89@amazon.co.jp,Male,31.224.225.112
Temple,Shottin,tshottin8a@addtoany.com,Male,14.90.69.119
Iosep,Lowder,ilowder8b@i2i.jp,Male,230.83.104.42
Carmela,Dudeney,cdudeney8c@tripadvisor.com,Female,111.161.15.82
Nissy,Baxstare,nbaxstare8d@whitehouse.gov,Female,70.105.44.78
Chery,Spick,cspick8e@chron.com,Female,202.101.144.121
Windy,Stilliard,wstilliard8f@sina.com.cn,Female,215.86.42.90
Beatrice,Shovlar,bshovlar8g@howstuffworks.com,Female,73.137.143.98
Jeffrey,Barbrook,jbarbrook8h@live.com,Male,230.193.179.252
Zsa zsa,Traylen,ztraylen8i@wunderground.com,Female,55.6.70.120
Garwin,Real,greal8j@xrea.com,Male,128.219.34.199
Craggie,Harberer,charberer8k@cbslocal.com,Agender,172.36.75.82
Willabella,Bedborough,wbedborough8l@joomla.org,Female,0.139.151.109
Yuri,Matuszewski,ymatuszewski8m@bloglines.com,Male,24.141.202.7
Clemence,Pirie,cpirie8n@reference.com,Female,72.234.27.135
Alley,Couldwell,acouldwell8o@blogs.com,Male,59.80.211.164
Byron,Kinnard,bkinnard8p@privacy.gov.au,Male,65.140.68.191
Casper,Verrills,cverrills8q@weebly.com,Male,136.216.124.96
Phillipe,Gehringer,pgehringer8r@livejournal.com,Male,149.48.50.200
Freddy,Cowen,fcowen8s@flavors.me,Male,132.15.66.58
Hayes,Lieb,hlieb8t@cargocollective.com,Male,100.7.117.154
Laetitia,Papez,lpapez8u@toplist.cz,Female,222.188.122.234
Leland,Brownstein,lbrownstein8v@vistaprint.com,Female,206.63.114.145
Boyce,Eyam,beyam8w@imageshack.us,Genderqueer,107.141.72.13
Penelope,Coltart,pcoltart8x@disqus.com,Female,53.128.81.166
Carny,Pattle,cpattle8y@nps.gov,Male,118.246.223.20
Jeralee,Elphick,jelphick8z@ifeng.com,Female,63.34.224.21
Lauren,Daout,ldaout90@unesco.org,Male,136.116.190.23
Alair,McCombe,amccombe91@cbslocal.com,Male,204.77.198.116
Zachary,Abrey,zabrey92@nbcnews.com,Male,63.65.143.82
Sherwin,Callen,scallen93@bluehost.com,Male,135.195.45.197
Lay,Treadwell,ltreadwell94@pagesperso-orange.fr,Male,61.215.189.129
Aubine,Hachard,ahachard95@topsy.com,Female,133.160.245.213
Valerie,Everly,veverly96@xing.com,Female,36.215.173.29
Carri,Urian,curian97@bandcamp.com,Female,232.207.210.249
Torrence,Pringley,tpringley98@hhs.gov,Male,16.178.59.86
Daune,Blackley,dblackley99@spotify.com,Female,180.199.89.155
Trixy,Gowers,tgowers9a@wikispaces.com,Female,9.52.84.11
Kermy,Schutter,kschutter9b@ning.com,Male,167.253.233.194
Rici,Kinder,rkinder9c@wix.com,Female,7.97.122.218
Karrie,Dukes,kdukes9d@va.gov,Female,95.221.212.228
Isac,Lippo,ilippo9e@stanford.edu,Polygender,108.86.217.143
Erv,Christescu,echristescu9f@posterous.com,Male,42.248.73.107
Jodie,Khrishtafovich,jkhrishtafovich9g@yelp.com,Female,63.7.28.207
Wren,Jaquemar,wjaquemar9h@yandex.ru,Female,145.30.95.135
Vitoria,Cabel,vcabel9i@oakley.com,Female,174.227.26.113
Tallia,Hallas,thallas9j@businesswire.com,Genderfluid,142.37.208.68
Fonz,Maith,fmaith9k@geocities.com,Male,61.38.230.3
Seumas,Yukhnev,syukhnev9l@shareasale.com,Male,248.30.18.60
Oren,Ashment,oashment9m@weibo.com,Bigender,220.111.223.37
Stirling,Heliar,sheliar9n@1688.com,Male,210.4.236.101
Parke,Cathro,pcathro9o@dion.ne.jp,Male,251.70.125.217
Derick,Kilmurray,dkilmurray9p@cnn.com,Male,133.214.254.179
Araldo,Schelle,aschelle9q@surveymonkey.com,Male,231.5.60.110
Darlene,Cardillo,dcardillo9r@statcounter.com,Female,253.62.64.171
Megen,Egdell,megdell9s@yahoo.co.jp,Female,169.119.124.162
Yurik,Kesby,ykesby9t@gizmodo.com,Male,210.184.89.131
Leone,Lune,llune9u@naver.com,Female,91.76.73.24
Reggie,Bernardi,rbernardi9v@topsy.com,Male,147.211.212.50
Dennie,Hadland,dhadland9w@yellowbook.com,Female,59.174.248.150
Drusi,Conroy,dconroy9x@people.com.cn,Female,238.188.222.32
Rikki,Uzielli,ruzielli9y@huffingtonpost.com,Male,121.29.78.43
Adrienne,Lathwell,alathwell9z@nature.com,Female,151.223.46.199
Haily,Greder,hgredera0@latimes.com,Female,231.169.225.26
Alain,Crinidge,acrinidgea1@auda.org.au,Male,202.97.50.75
Creigh,Ancell,cancella2@irs.gov,Male,245.15.66.250
Ashely,Suthren,asuthrena3@scientificamerican.com,Female,62.222.196.181
Lizzy,Dienes,ldienesa4@acquirethisname.com,Female,177.14.57.106
Addie,Adiscot,aadiscota5@admin.ch,Male,0.42.104.53
Barbey,Binney,bbinneya6@google.com.hk,Female,203.124.255.84
Lanni,Penner,lpennera7@newsvine.com,Female,20.180.253.117
Ricoriki,Popping,rpoppinga8@dyndns.org,Male,43.239.153.48
Else,Gleadhall,egleadhalla9@parallels.com,Female,87.176.155.209
Graham,Howsego,ghowsegoaa@domainmarket.com,Male,187.194.188.8
Amalee,Hayer,ahayerab@hubpages.com,Female,8.198.248.32
Alia,Doick,adoickac@shop-pro.jp,Female,255.87.6.124
Weylin,Burnhams,wburnhamsad@skype.com,Male,17.142.215.54
Tessa,Raund,traundae@ucoz.ru,Female,222.122.170.48
Ron,Van Halen,rvanhalenaf@facebook.com,Male,18.32.154.171
Cassandra,Docksey,cdockseyag@fastcompany.com,Bigender,17.102.16.247
Laureen,Molson,lmolsonah@last.fm,Female,3.215.114.240
Garrot,Kelson,gkelsonai@gizmodo.com,Male,82.97.108.217
Shari,McGairl,smcgairlaj@godaddy.com,Female,41.90.40.192
Issiah,Niesel,inieselak@springer.com,Male,250.237.69.114
Bebe,Banasiak,bbanasiakal@zdnet.com,Female,113.236.240.210
Kevyn,Dafforne,kdafforneam@people.com.cn,Female,221.188.164.20
Lonni,Leppo,lleppoan@sakura.ne.jp,Female,99.216.40.111
Paton,Shwalbe,pshwalbeao@eepurl.com,Male,15.114.97.191
Teodoro,Cromwell,tcromwellap@technorati.com,Male,220.63.178.171
Toddy,Armsby,tarmsbyaq@linkedin.com,Male,226.49.20.134
Codi,Miell,cmiellar@t-online.de,Agender,24.5.23.104
Sayre,Wight,swightas@ovh.net,Male,104.120.36.157
Fransisco,Byneth,fbynethat@ezinearticles.com,Male,5.201.157.249
Brittne,Stonebanks,bstonebanksau@ucsd.edu,Female,252.21.127.63
Larisa,Whittam,lwhittamav@networkadvertising.org,Female,101.27.95.131
Casandra,Livings,clivingsaw@msu.edu,Genderfluid,126.67.156.33
Kenn,Bottinelli,kbottinelliax@reverbnation.com,Male,22.95.19.27
Chiarra,Delete,cdeleteay@toplist.cz,Female,47.219.17.247
Freeland,Semaine,fsemaineaz@yolasite.com,Male,100.147.159.119
Brandy,Mumbeson,bmumbesonb0@pcworld.com,Female,32.56.222.77
Durward,Pitsall,dpitsallb1@vkontakte.ru,Male,149.236.140.41
Keven,Michal,kmichalb2@meetup.com,Male,148.31.115.161
Jason,Antic,janticb3@posterous.com,Male,90.222.7.209
Petra,St Pierre,pstpierreb4@ucsd.edu,Female,192.46.177.39
Wendell,Showl,wshowlb5@sciencedaily.com,Male,192.99.159.73
Orv,Wannes,owannesb6@mail.ru,Male,221.43.9.114
Avictor,Palfery,apalferyb7@sourceforge.net,Male,219.120.127.190
Gretal,Woolam,gwoolamb8@about.com,Non-binary,34.105.132.173
Angelico,Jandac,ajandacb9@ca.gov,Male,65.185.169.99
Morgan,Leeman,mleemanba@surveymonkey.com,Genderqueer,14.228.141.216
Catriona,Lyst,clystbb@infoseek.co.jp,Female,7.62.2.106
Fulton,Boik,fboikbc@elpais.com,Male,218.168.139.120
Meryl,McLeish,mmcleishbd@amazon.co.jp,Male,50.50.176.188
Gillian,Dayley,gdayleybe@yandex.ru,Female,197.174.219.173
Coletta,Ganforth,cganforthbf@vinaora.com,Genderfluid,148.223.228.218
Emlynn,Perchard,eperchardbg@rediff.com,Female,48.193.27.165
Toiboid,Gallaccio,tgallacciobh@ezinearticles.com,Male,15.204.233.187
Andra,Tellenbach,atellenbachbi@over-blog.com,Female,176.149.125.187
Casi,Reucastle,creucastlebj@studiopress.com,Agender,94.5.197.236
Cleopatra,Spinelli,cspinellibk@a8.net,Female,121.182.248.48
Rahel,Hogbourne,rhogbournebl@oracle.com,Genderqueer,201.235.224.72
Vittoria,Paxforde,vpaxfordebm@hhs.gov,Female,179.139.29.234
Brice,Piatto,bpiattobn@vinaora.com,Male,126.66.186.49
Corliss,Klimentyonok,cklimentyonokbo@bluehost.com,Female,216.184.238.240
Conroy,Biddulph,cbiddulphbp@bravesites.com,Male,193.156.184.70
Willette,Rotchell,wrotchellbq@marketwatch.com,Female,101.217.106.211
Crystal,Felstead,cfelsteadbr@bandcamp.com,Female,247.57.244.33
Thomasina,O'Shiels,toshielsbs@de.vu,Female,85.204.208.23
Nestor,Taggart,ntaggartbt@accuweather.com,Male,56.96.179.105
Winonah,Menichini,wmenichinibu@yahoo.com,Female,202.176.104.204
Josselyn,Bagster,jbagsterbv@acquirethisname.com,Female,3.33.98.142
Sascha,Hearson,shearsonbw@sogou.com,Male,161.143.217.124
Shellie,Breawood,sbreawoodbx@usnews.com,Female,165.51.237.54
Leah,Bemwell,lbemwellby@foxnews.com,Genderqueer,207.186.65.176
Marcy,Sacco,msaccobz@seesaa.net,Genderfluid,1.33.160.93
Urson,Ponde,upondec0@hud.gov,Male,123.131.116.8
Avictor,Thow,athowc1@1und1.de,Male,132.223.51.144
Ofilia,Giannassi,ogiannassic2@list-manage.com,Female,150.152.30.35
Ossie,Jacobovitz,ojacobovitzc3@dropbox.com,Male,111.122.160.137
Lucho,Mathissen,lmathissenc4@flickr.com,Male,233.45.71.236
Pauli,Dring,pdringc5@howstuffworks.com,Female,252.188.225.80
Julissa,Ellacott,jellacottc6@loc.gov,Genderfluid,200.6.253.108
Albertine,Wodeland,awodelandc7@is.gd,Female,107.142.123.66
Dietrich,Loach,dloachc8@dagondesign.com,Male,249.163.98.29
Skippy,Bellson,sbellsonc9@china.com.cn,Male,190.40.226.8
Rod,Flexman,rflexmanca@google.com.hk,Male,96.221.67.170
Dicky,Senten,dsentencb@edublogs.org,Male,65.213.236.202
Matilda,Clausen,mclausencc@printfriendly.com,Agender,51.34.159.174
Guinna,Pavis,gpaviscd@nationalgeographic.com,Female,168.227.22.186
Ephrem,Boomes,eboomesce@dagondesign.com,Polygender,200.240.161.208
Esme,Carme,ecarmecf@list-manage.com,Male,206.94.224.9
Noellyn,Trueman,ntruemancg@cbsnews.com,Female,92.199.237.98
Sollie,Brisbane,sbrisbanech@yahoo.co.jp,Male,49.31.94.244
Erek,Allin,eallinci@purevolume.com,Male,169.39.249.172
Rand,Beinke,rbeinkecj@netlog.com,Male,114.116.4.23
Rudy,Heineking,rheinekingck@wikimedia.org,Male,216.45.161.145
Amelie,Adenet,aadenetcl@addtoany.com,Female,2.18.130.233
Van,Gorler,vgorlercm@gizmodo.com,Male,161.84.245.85
Alysa,Dumbleton,adumbletoncn@xrea.com,Polygender,64.122.18.194
Terrel,Arends,tarendsco@godaddy.com,Male,64.135.233.164
Case,Colbran,ccolbrancp@tinypic.com,Male,85.192.230.123
Bartolomeo,Bradick,bbradickcq@answers.com,Male,20.30.232.185
Vere,Gregoriou,vgregorioucr@creativecommons.org,Female,98.64.172.19
Drusilla,Winkett,dwinkettcs@e-recht24.de,Female,254.57.225.64
Roldan,Pearn,rpearnct@cyberchimps.com,Male,4.45.107.33
Sawyer,Kort,skortcu@dion.ne.jp,Male,139.34.204.104
Meggie,Wonfar,mwonfarcv@macromedia.com,Female,178.123.240.224
Rozina,Oades,roadescw@usda.gov,Female,121.228.19.68
Antonietta,Fanner,afannercx@live.com,Female,98.186.69.51
Leanna,Peddar,lpeddarcy@usnews.com,Female,139.2.39.8
Connie,Yellep,cyellepcz@ft.com,Male,233.141.68.139
Jaynell,Gotch,jgotchd0@uiuc.edu,Female,8.201.91.68
Clint,Twopenny,ctwopennyd1@naver.com,Male,77.47.1.44
Giorgi,Dimnage,gdimnaged2@techcrunch.com,Male,252.215.203.30
Codie,Swyer-Sexey,cswyersexeyd3@slideshare.net,Male,64.249.1.70
Jeana,Amiss,jamissd4@reference.com,Female,128.216.250.15
Ransom,Probat,rprobatd5@bandcamp.com,Male,158.20.226.2
Perry,Calabry,pcalabryd6@japanpost.jp,Male,46.90.168.129
Gerard,Allanby,gallanbyd7@tinypic.com,Male,19.251.88.214
Sarine,Slatford,sslatfordd8@usda.gov,Female,185.187.141.211
Jareb,Artist,jartistd9@51.la,Male,65.82.108.195
Alonso,Broune,abrouneda@digg.com,Male,198.78.48.32
Freemon,Acres,facresdb@noaa.gov,Male,16.78.247.186
Hendrik,Filan,hfilandc@disqus.com,Male,246.149.100.56
Kayla,Sidry,ksidrydd@canalblog.com,Female,155.250.69.207
Patricio,Bassindale,pbassindalede@wikispaces.com,Male,28.139.236.8
Eugenia,Brimblecombe,ebrimblecombedf@alibaba.com,Female,129.92.178.175
Gus,Summerley,gsummerleydg@bandcamp.com,Female,95.178.180.178
Lottie,Pane,lpanedh@home.pl,Female,144.7.8.117
Carver,Potteridge,cpotteridgedi@angelfire.com,Genderfluid,46.248.176.172
Corie,Hawley,chawleydj@macromedia.com,Female,120.132.152.36
Kenton,Worrall,kworralldk@bigcartel.com,Male,209.85.225.211
Crista,Realff,crealffdl@zdnet.com,Female,22.25.30.6
Sigfried,Willmetts,swillmettsdm@harvard.edu,Male,146.98.166.97
Berkeley,Feeley,bfeeleydn@w3.org,Male,81.15.106.241
Emmalee,Egdale,eegdaledo@deliciousdays.com,Female,137.203.203.91
Bekki,Schrinel,bschrineldp@phoca.cz,Female,96.138.30.123
Richmound,Jeannot,rjeannotdq@mayoclinic.com,Male,92.155.3.210
Anna-maria,Antoniak,aantoniakdr@list-manage.com,Female,153.78.250.160
Christie,Witts,cwittsds@army.mil,Female,107.251.206.2
Cozmo,Buney,cbuneydt@delicious.com,Male,108.146.210.28
Meggi,Esh,meshdu@sbwire.com,Female,9.122.22.76
Janette,Brown,jbrowndv@fotki.com,Female,202.189.195.24
Russ,Kesten,rkestendw@tiny.cc,Male,196.221.15.252
Sheelagh,Kirkpatrick,skirkpatrickdx@businessweek.com,Female,176.189.220.147
Morten,Comer,mcomerdy@usda.gov,Male,101.77.214.222
Dukie,Trattles,dtrattlesdz@seesaa.net,Male,51.144.183.31
Isidoro,Gale,igalee0@vinaora.com,Male,207.26.189.34
Keefe,Kilcoyne,kkilcoynee1@harvard.edu,Male,73.10.20.15
Codi,Schustl,cschustle2@businesswire.com,Agender,53.180.207.54
Petunia,Stanlake,pstanlakee3@goo.gl,Female,6.73.168.154
Maggi,Spadaro,mspadaroe4@marketwatch.com,Female,210.143.40.205
Gregorius,Pentland,gpentlande5@nih.gov,Male,36.52.48.183
Georgi,Small,gsmalle6@ca.gov,Male,57.191.211.172
Carmelia,Longstaff,clongstaffe7@uiuc.edu,Female,101.91.37.27
Filip,Shilstone,fshilstonee8@mit.edu,Male,167.130.211.78
Mireielle,Trye,mtryee9@webeden.co.uk,Female,246.143.209.225
Dorry,Cahalin,dcahalinea@csmonitor.com,Female,80.245.117.158
Lola,Laughnan,llaughnaneb@upenn.edu,Female,102.184.113.121
Juline,Briers,jbriersec@shop-pro.jp,Female,28.74.237.237
Colver,Echelle,cechelleed@house.gov,Male,173.158.212.162
Vanna,Longbottom,vlongbottomee@fda.gov,Female,233.88.45.33
Ted,Josephi,tjosephief@bloomberg.com,Male,75.44.138.150
Xymenes,Chrichton,xchrichtoneg@gravatar.com,Genderqueer,159.200.234.112
Brandy,Balshen,bbalsheneh@friendfeed.com,Female,66.181.236.90
Gerardo,Van Giffen,gvangiffenei@storify.com,Male,68.46.168.234
Owen,Reicherz,oreicherzej@prlog.org,Male,38.214.154.122
Mollie,Spillane,mspillaneek@springer.com,Female,243.180.71.75
Selia,Dobbin,sdobbinel@wunderground.com,Female,34.231.142.168
Bryna,Baccus,bbaccusem@state.tx.us,Female,184.208.152.195
Ganny,Dobble,gdobbleen@jigsy.com,Male,242.163.184.239
Arlina,Blueman,abluemaneo@google.ca,Female,69.52.32.141
Elmore,Hallas,ehallasep@fotki.com,Agender,248.230.184.126
Zerk,Sebrook,zsebrookeq@nasa.gov,Male,177.245.248.97
Sophie,Keirl,skeirler@pagesperso-orange.fr,Female,132.176.189.155
Sherlock,Kigelman,skigelmanes@ucla.edu,Bigender,209.175.19.199
Sandy,Garnar,sgarnaret@wikimedia.org,Male,253.118.231.236
Chance,Persent,cpersenteu@stumbleupon.com,Male,195.126.224.92
Emmett,Schall,eschallev@bing.com,Male,180.228.34.251
Elga,Lifton,eliftonew@spotify.com,Female,87.165.96.13
Clarissa,Duck,cduckex@meetup.com,Female,97.217.0.209
Pip,Early,pearlyey@posterous.com,Male,232.249.173.83
Spencer,Fitchen,sfitchenez@phpbb.com,Male,160.126.160.64
Alexandre,Grishakin,agrishakinf0@xrea.com,Male,25.95.109.5
Lavinia,Cluer,lcluerf1@dion.ne.jp,Female,188.99.80.111
Caitrin,Gladden,cgladdenf2@whitehouse.gov,Female,141.211.195.0
Jasun,Fairbeard,jfairbeardf3@oaic.gov.au,Male,20.12.107.178
Glory,Robke,grobkef4@aboutads.info,Female,31.243.45.241
Trumaine,Branni,tbrannif5@skyrock.com,Male,191.32.177.116
Doy,Gercke,dgerckef6@blogspot.com,Male,32.165.9.196
Darcy,MacArte,dmacartef7@shareasale.com,Female,121.109.164.229
Rollie,Thrustle,rthrustlef8@so-net.ne.jp,Male,33.50.233.33
Quintilla,Yakolev,qyakolevf9@multiply.com,Female,166.163.141.110
Pollyanna,Sherrell,psherrellfa@lulu.com,Female,21.235.60.103
Falkner,Pawlyn,fpawlynfb@forbes.com,Male,191.141.203.254
Kaja,Trusler,ktruslerfc@dot.gov,Female,70.16.95.149
Sig,Girodier,sgirodierfd@ed.gov,Male,196.125.31.76
Sharleen,Van Castele,svancastelefe@mac.com,Female,142.59.102.203
Sammy,Bridle,sbridleff@boston.com,Female,214.237.20.232
Cleavland,Babin,cbabinfg@mayoclinic.com,Male,20.161.196.21
Filip,Schankelborg,fschankelborgfh@linkedin.com,Male,221.27.48.112
Stanford,Vellacott,svellacottfi@example.com,Male,43.47.24.165
Leena,Caghan,lcaghanfj@amazon.com,Female,201.239.142.65
Wildon,Charlson,wcharlsonfk@mapy.cz,Male,198.174.156.89
Will,Portress,wportressfl@discuz.net,Male,239.210.140.145
Tory,Manvelle,tmanvellefm@barnesandnoble.com,Female,228.148.22.40
Lydon,Pochin,lpochinfn@cpanel.net,Male,98.190.215.113
Yance,Darrell,ydarrellfo@state.gov,Male,9.164.75.140
Mariya,Jury,mjuryfp@patch.com,Female,230.221.79.253
Delphinia,Waryk,dwarykfq@shop-pro.jp,Female,219.130.193.222
Paquito,Eighteen,peighteenfr@acquirethisname.com,Male,172.168.49.250
Pren,Luc,plucfs@angelfire.com,Male,61.45.125.7
Jodee,Spincks,jspincksft@spiegel.de,Female,113.19.83.5
Gibby,Riddall,griddallfu@japanpost.jp,Male,208.168.90.177
Niel,Brackstone,nbrackstonefv@amazon.com,Male,186.117.140.9
Lewiss,Avery,laveryfw@aboutads.info,Male,100.162.50.237
Langsdon,Habbon,lhabbonfx@scribd.com,Male,214.56.94.185
Gunther,Whitehorne,gwhitehornefy@answers.com,Male,61.51.142.2
Michelina,Pozer,mpozerfz@ucoz.ru,Female,3.158.178.111
Jefferey,Tizzard,jtizzardg0@so-net.ne.jp,Polygender,193.202.73.9
Marcellina,Tipton,mtiptong1@cnn.com,Female,221.23.6.22
Lee,Sheach,lsheachg2@merriam-webster.com,Male,88.252.252.163
Marni,Skirving,mskirvingg3@springer.com,Female,50.193.200.174
Marla,Morillas,mmorillasg4@youtu.be,Female,214.92.13.240
Carling,Hartfleet,chartfleetg5@about.com,Male,141.126.4.108
Benoit,Chiplen,bchipleng6@free.fr,Male,250.33.177.235
Dwain,Mehmet,dmehmetg7@hp.com,Male,69.96.206.44
Jeno,Keasy,jkeasyg8@weibo.com,Male,161.95.19.234
Dotty,Grahl,dgrahlg9@mozilla.com,Female,100.228.176.244
Hollyanne,Silversmidt,hsilversmidtga@microsoft.com,Female,168.140.198.242
Dierdre,Killingbeck,dkillingbeckgb@shop-pro.jp,Female,127.42.76.126
Beryle,Vamplus,bvamplusgc@nature.com,Female,158.42.216.38
Sergei,Bleddon,sbleddongd@mysql.com,Male,92.74.142.13
Fidel,Dickon,fdickonge@taobao.com,Male,251.230.165.124
Gino,Paten,gpatengf@springer.com,Male,196.41.8.20
Nicola,Wippermann,nwippermanngg@marriott.com,Female,147.252.158.60
Darya,Sustin,dsustingh@house.gov,Female,5.95.37.7
Emlen,Tulloch,etullochgi@telegraph.co.uk,Male,111.190.43.56
Avery,Fibbitts,afibbittsgj@ibm.com,Male,192.28.130.209
Germain,Hellyar,ghellyargk@intel.com,Female,239.251.197.59
Quillan,Reavell,qreavellgl@pbs.org,Male,236.145.115.16
Simone,Worledge,sworledgegm@whitehouse.gov,Female,214.27.46.173
Sanders,Feronet,sferonetgn@blogger.com,Male,201.252.75.113
Nicolais,Madill,nmadillgo@flavors.me,Male,67.237.166.12
Ansley,Kelcher,akelchergp@godaddy.com,Female,85.29.183.75
Valentina,Stoggles,vstogglesgq@wufoo.com,Polygender,87.36.209.246
Rochette,Heathcoat,rheathcoatgr@deliciousdays.com,Female,217.110.4.225
Ronnie,Alpin,ralpings@ask.com,Male,17.203.169.202
Judah,Goodhew,jgoodhewgt@printfriendly.com,Male,183.55.121.104
Lefty,Alesio,lalesiogu@behance.net,Male,105.187.199.43
Nixie,Linney,nlinneygv@fastcompany.com,Female,41.177.97.143
Carena,Patkin,cpatkingw@google.ru,Female,63.49.33.26
Mabel,Isac,misacgx@virginia.edu,Female,218.206.154.113
Willdon,Gruczka,wgruczkagy@odnoklassniki.ru,Male,202.159.149.3
Darill,Tuttle,dtuttlegz@ucsd.edu,Genderfluid,121.184.5.187
Nate,Henken,nhenkenh0@chicagotribune.com,Male,176.27.157.204
Thayne,Ellerington,telleringtonh1@yellowbook.com,Male,110.89.30.24
Merill,Hagstone,mhagstoneh2@harvard.edu,Male,253.42.154.1
Maximilianus,Silverlock,msilverlockh3@vkontakte.ru,Male,141.3.161.184
Knox,Pantone,kpantoneh4@arizona.edu,Male,47.138.146.206
Mychal,McMillan,mmcmillanh5@dailymotion.com,Male,240.218.134.27
Dallon,Spaughton,dspaughtonh6@amazon.co.jp,Male,231.19.20.142
Anett,Shirtcliffe,ashirtcliffeh7@booking.com,Female,217.16.145.121
Efrem,Tuxell,etuxellh8@sciencedirect.com,Male,48.63.206.200
Asher,Inkle,ainkleh9@1und1.de,Male,49.60.198.71
Yankee,Gasquoine,ygasquoineha@census.gov,Male,45.230.113.197
Hadlee,Foyster,hfoysterhb@live.com,Male,93.174.136.187
Michaela,Devaney,mdevaneyhc@latimes.com,Female,63.58.177.231
Vina,Irdale,virdalehd@wunderground.com,Bigender,250.159.149.240
Tyler,Stean,tsteanhe@auda.org.au,Male,69.228.32.101
Lyndy,Kobu,lkobuhf@photobucket.com,Female,100.225.179.148
Orelle,Dunbobin,odunbobinhg@indiatimes.com,Female,242.37.49.163
Sherman,Rowler,srowlerhh@mtv.com,Male,81.74.200.130
Elane,De Michetti,edemichettihi@cargocollective.com,Female,230.73.62.179
Cliff,Jervoise,cjervoisehj@discovery.com,Male,100.173.1.39
Shurwood,Stredder,sstredderhk@ustream.tv,Male,234.59.200.27
Perice,Scrogges,pscroggeshl@cisco.com,Male,161.81.119.212
Adah,MacIntosh,amacintoshhm@nydailynews.com,Female,238.155.250.184
Gamaliel,Punyer,gpunyerhn@china.com.cn,Male,236.75.112.21
Wolfy,Garford,wgarfordho@harvard.edu,Male,93.17.227.232
Llywellyn,Nowlan,lnowlanhp@gov.uk,Male,170.25.89.176
Elsy,Doughty,edoughtyhq@bandcamp.com,Female,62.180.195.175
Neville,Setford,nsetfordhr@sogou.com,Male,114.2.129.84
Emmanuel,Braganza,ebraganzahs@printfriendly.com,Male,148.204.107.125
Frankie,Wellman,fwellmanht@reverbnation.com,Male,90.225.139.17
Michale,McLeod,mmcleodhu@google.com.au,Male,247.105.179.29
Heddi,Vischi,hvischihv@paypal.com,Female,115.10.77.202
Phillie,McRuvie,pmcruviehw@google.es,Female,230.151.164.170
Spence,Hadcock,shadcockhx@sina.com.cn,Male,20.138.98.245
Janith,Sarton,jsartonhy@123-reg.co.uk,Bigender,5.248.36.250
Kelbee,Pretor,kpretorhz@mysql.com,Male,252.201.17.201
Kane,Benneyworth,kbenneyworthi0@wikimedia.org,Male,204.70.145.26
Ruprecht,Ferriere,rferrierei1@stanford.edu,Male,120.166.57.153
Gilbert,Winspur,gwinspuri2@naver.com,Male,224.177.63.6
Bamby,Ambrozewicz,bambrozewiczi3@java.com,Female,54.192.159.152
Brander,Stoter,bstoteri4@marriott.com,Male,62.153.155.229
Valentijn,McVee,vmcveei5@hao123.com,Male,134.180.19.125
Ellwood,Offner,eoffneri6@timesonline.co.uk,Male,23.252.67.43
Mignon,Pauleit,mpauleiti7@princeton.edu,Female,209.199.32.118
Zeke,Abbyss,zabbyssi8@php.net,Male,21.131.144.144
Dalli,Bickerdyke,dbickerdykei9@rambler.ru,Male,9.66.221.217
Ginni,Arnaud,garnaudia@ebay.co.uk,Female,207.135.237.127
Tiffie,Hamlington,thamlingtonib@economist.com,Female,209.44.211.164
Starla,Kalberer,skalbereric@google.nl,Agender,194.24.252.228
Yolane,Emmatt,yemmattid@macromedia.com,Female,20.190.231.208
Zak,Barrus,zbarrusie@wikispaces.com,Agender,70.66.215.181
Courtenay,Romanin,cromaninif@jigsy.com,Female,59.211.166.19
Georgi,Burberye,gburberyeig@slashdot.org,Male,90.149.97.115
Harriott,Cesconi,hcesconiih@wunderground.com,Female,22.63.19.83
Simonette,Rabley,srableyii@ted.com,Female,73.124.179.99
Morgun,Beste,mbesteij@nih.gov,Male,103.100.167.80
Ban,Charlewood,bcharlewoodik@github.com,Male,226.188.5.49
Innis,Ocklin,iocklinil@about.com,Male,168.48.22.138
Kitty,Parradice,kparradiceim@un.org,Female,233.6.205.82
Enrika,Gottschalk,egottschalkin@techcrunch.com,Genderfluid,102.92.221.21
Fern,Shattock,fshattockio@state.tx.us,Female,82.77.126.193
Gillan,Cairns,gcairnsip@lulu.com,Female,119.56.119.246
Lamar,Bereford,lberefordiq@chron.com,Male,215.110.54.135
Marcos,Caldaro,mcaldaroir@umn.edu,Male,28.22.249.52
Gerhardt,Mason,gmasonis@utexas.edu,Male,195.148.77.159
Aymer,Trevain,atrevainit@biblegateway.com,Genderqueer,248.6.86.185
Eustace,Vice,eviceiu@theglobeandmail.com,Genderfluid,114.44.26.249
Alida,Rubke,arubkeiv@paginegialle.it,Female,42.254.172.56
Cherye,Tynan,ctynaniw@ocn.ne.jp,Female,30.8.61.196
Hermie,Stollhofer,hstollhoferix@cnet.com,Male,47.0.229.187
Ellene,Lacknor,elacknoriy@redcross.org,Female,136.234.53.203
Torre,Forestall,tforestalliz@cafepress.com,Male,20.159.188.252
Daveta,Grogor,dgrogorj0@pbs.org,Female,209.62.148.24
Lenette,Ealden,lealdenj1@smugmug.com,Female,1.103.31.142
Chevy,Lantiffe,clantiffej2@senate.gov,Male,223.44.38.21
Gusty,Billie,gbilliej3@msu.edu,Female,247.170.179.246
Matty,Logsdail,mlogsdailj4@statcounter.com,Polygender,205.131.161.154
Dex,Malyj,dmalyjj5@mapy.cz,Male,124.125.231.254
Corena,Kyles,ckylesj6@bloomberg.com,Female,31.232.57.72
Josiah,Wayon,jwayonj7@woothemes.com,Male,116.6.168.51
Ambrose,Chastan,achastanj8@hp.com,Male,253.239.239.64
Jacinta,Swann,jswannj9@ox.ac.uk,Female,82.163.77.60
Royall,De Atta,rdeattaja@slideshare.net,Male,44.70.235.40
Broderic,Rackley,brackleyjb@uol.com.br,Male,40.184.66.156
Kendre,Cuxon,kcuxonjc@usda.gov,Female,211.212.244.221
Bond,Ashford,bashfordjd@paginegialle.it,Male,166.33.232.98
Zaneta,Elsworth,zelsworthje@goo.gl,Female,11.19.181.167
Francisco,Waddup,fwaddupjf@dropbox.com,Male,251.24.87.0
Shurwood,Fardon,sfardonjg@privacy.gov.au,Male,31.214.40.134
Mildred,Mohammed,mmohammedjh@samsung.com,Female,39.158.6.206
Giffie,Ashfull,gashfullji@macromedia.com,Male,183.64.106.180
Vin,Dumbreck,vdumbreckjj@msn.com,Female,119.114.244.234
Caddric,Lakenton,clakentonjk@digg.com,Male,167.60.60.105
Rey,Moar,rmoarjl@ox.ac.uk,Male,3.45.223.70
Merle,Willshire,mwillshirejm@addthis.com,Female,242.85.45.133
Ferne,Meconi,fmeconijn@dedecms.com,Female,34.238.170.40
Lombard,Smullin,lsmullinjo@qq.com,Male,249.151.141.122
Lyman,Gyrgorcewicx,lgyrgorcewicxjp@meetup.com,Male,179.210.30.200
Nate,Hubbart,nhubbartjq@nationalgeographic.com,Male,118.157.116.66
Kimberlee,Lawlance,klawlancejr@wp.com,Female,177.204.90.44
Kennie,Blatcher,kblatcherjs@symantec.com,Male,255.167.193.118
Alaine,Zarfati,azarfatijt@theguardian.com,Female,1.191.60.240
Barnie,Ruberry,bruberryju@soup.io,Agender,15.150.135.228
Carry,Vater,cvaterjv@sogou.com,Female,81.145.140.124
Alexis,Oliveras,aoliverasjw@skyrock.com,Male,113.220.66.29
Ediva,Tosney,etosneyjx@acquirethisname.com,Female,169.163.169.105
Shandra,Savile,ssavilejy@bluehost.com,Female,160.201.83.29
Thea,Frank,tfrankjz@soundcloud.com,Female,79.151.191.93
Ronnica,Bowton,rbowtonk0@hc360.com,Female,109.215.51.16
Jarred,Stuchburie,jstuchburiek1@facebook.com,Male,135.96.196.76
Griselda,Haggerstone,ghaggerstonek2@icio.us,Female,244.75.146.137
Ronnie,Veregan,rveregank3@vk.com,Male,50.214.196.210
Marsiella,Lording,mlordingk4@wikia.com,Female,92.5.221.57
Pavla,Hatchell,phatchellk5@lulu.com,Female,179.34.180.40
Bartel,Aldie,baldiek6@prnewswire.com,Male,213.76.128.127
Merry,McClymond,mmcclymondk7@seesaa.net,Female,57.38.238.63
Gustavus,Gillino,ggillinok8@google.com.au,Male,40.78.222.182
Beck,Leathlay,bleathlayk9@oaic.gov.au,Male,202.233.230.21
Dreddy,Wolseley,dwolseleyka@1und1.de,Female,6.217.230.72
Albertina,Bevan,abevankb@google.com.hk,Female,108.45.152.71
Akim,Bellinger,abellingerkc@devhub.com,Male,86.217.24.75
Fairfax,Howgill,fhowgillkd@sina.com.cn,Male,58.216.150.89
Bond,MacRinn,bmacrinnke@hao123.com,Male,203.106.7.188
Bevin,Von Salzberg,bvonsalzbergkf@nifty.com,Male,141.141.66.213
Cole,Gipp,cgippkg@discovery.com,Male,76.56.27.176
Kevon,Staining,kstainingkh@walmart.com,Male,75.178.154.220
Susy,Bentson,sbentsonki@t.co,Female,118.251.203.55
Isiahi,Bernhard,ibernhardkj@examiner.com,Male,191.212.207.71
Libbie,Whitnall,lwhitnallkk@multiply.com,Female,239.161.106.86
Abeu,Braysher,abraysherkl@msu.edu,Male,43.227.63.235
Jerrine,McQuirter,jmcquirterkm@latimes.com,Female,101.101.134.165
Paola,McLese,pmclesekn@springer.com,Female,233.201.22.41
Franciska,Moreman,fmoremanko@twitter.com,Female,213.78.101.216
Shawnee,Newgrosh,snewgroshkp@wordpress.org,Non-binary,172.157.46.82
Lucky,Kemshell,lkemshellkq@xinhuanet.com,Agender,122.208.41.131
Townie,Cockarill,tcockarillkr@indiegogo.com,Male,69.48.168.80
Udall,Dey,udeyks@tiny.cc,Male,205.73.231.38
Issiah,Jannequin,ijannequinkt@smh.com.au,Male,75.98.73.230
Issie,Manshaw,imanshawku@earthlink.net,Female,116.69.155.54
Scarlet,Webb-Bowen,swebbbowenkv@purevolume.com,Genderfluid,202.58.254.34
Callie,Leebetter,cleebetterkw@multiply.com,Female,160.228.107.182
Rolf,Delagua,rdelaguakx@cam.ac.uk,Male,82.235.167.182
Netti,Whiteway,nwhitewayky@biblegateway.com,Female,67.24.54.171
Marigold,Ault,maultkz@themeforest.net,Female,211.137.118.137
Carin,Shegog,cshegogl0@washington.edu,Female,139.224.201.100
Clyde,Doogue,cdooguel1@wunderground.com,Non-binary,96.91.255.130
Jessika,Carling,jcarlingl2@lycos.com,Female,8.84.140.102
Lenci,Le Bosse,llebossel3@upenn.edu,Male,14.82.94.237
Brant,Adami,badamil4@vkontakte.ru,Male,129.238.97.19
Barbara,Dickins,bdickinsl5@stumbleupon.com,Female,216.215.83.237
Normy,Gimbrett,ngimbrettl6@stanford.edu,Male,147.55.17.106
Harley,Rainon,hrainonl7@instagram.com,Female,12.5.124.34
Nariko,Inchbald,ninchbaldl8@fema.gov,Female,104.82.6.40
Gaspard,Waterhouse,gwaterhousel9@youku.com,Male,186.28.207.165
Bartel,Ponton,bpontonla@engadget.com,Male,237.233.50.140
Margaret,Bellwood,mbellwoodlb@tiny.cc,Female,9.113.251.187
Micky,Edgecumbe,medgecumbelc@berkeley.edu,Female,222.100.250.82
Sanderson,Pearlman,spearlmanld@scribd.com,Male,157.78.108.223
Con,Cockrell,ccockrellle@mashable.com,Male,188.88.154.66
Ephrem,Bedrosian,ebedrosianlf@oracle.com,Male,224.18.185.10
Erika,Jowett,ejowettlg@hud.gov,Female,129.33.84.160
Casi,Cardo,ccardolh@wikia.com,Female,253.81.158.84
Francisca,Rawcliffe,frawcliffeli@dmoz.org,Female,60.94.197.27
Aleksandr,Wetherald,awetheraldlj@liveinternet.ru,Genderfluid,232.35.114.53
Reinold,Lunbech,rlunbechlk@mlb.com,Male,44.0.60.56
Alica,Hofler,ahoflerll@dmoz.org,Female,127.224.137.190
Mora,Castanaga,mcastanagalm@tamu.edu,Female,92.246.24.157
Bil,Barrowcliffe,bbarrowcliffeln@ow.ly,Male,199.91.221.130
Lyndell,Broxton,lbroxtonlo@github.com,Female,16.8.53.36
Markos,Inder,minderlp@netscape.com,Male,60.155.160.117
Belita,Shire,bshirelq@dell.com,Female,33.31.150.94
George,Everly,geverlylr@artisteer.com,Female,181.138.99.103
Brigitta,Wines,bwinesls@jigsy.com,Non-binary,93.5.149.35
Even,Poley,epoleylt@4shared.com,Male,124.62.242.232
Kaylee,Botly,kbotlylu@sohu.com,Female,41.1.230.144
Andres,Culkin,aculkinlv@parallels.com,Male,229.200.147.7
Lena,Handlin,lhandlinlw@barnesandnoble.com,Female,171.53.19.135
Duncan,Synnott,dsynnottlx@paginegialle.it,Male,184.84.80.208
Abdel,Blackaller,ablackallerly@java.com,Male,189.15.124.15
Merill,Berthe,mberthelz@php.net,Male,138.175.111.23
Maritsa,Ramet,mrametm0@hc360.com,Female,114.171.245.5
Kimmy,Prebble,kprebblem1@cisco.com,Female,81.1.224.188
Tracee,Logg,tloggm2@rediff.com,Female,215.29.240.238
Avigdor,Wardingly,awardinglym3@discovery.com,Male,188.236.154.196
Berkie,Durn,bdurnm4@ca.gov,Male,178.229.48.5
Shea,Guillart,sguillartm5@google.nl,Male,72.88.83.248
Lyndy,Herkess,lherkessm6@cdc.gov,Female,161.45.151.17
Anabelle,Wozencraft,awozencraftm7@furl.net,Female,52.222.246.46
Almira,Doore,adoorem8@goo.ne.jp,Female,245.45.204.57
Constantine,Olivey,coliveym9@is.gd,Female,142.124.240.191
Teena,Rubertis,trubertisma@baidu.com,Female,147.147.53.150
Cyb,Pisculli,cpiscullimb@spotify.com,Female,28.75.173.31
Julina,Lacoste,jlacostemc@dedecms.com,Bigender,71.252.220.158
Claude,Steggles,cstegglesmd@domainmarket.com,Female,200.187.126.243
Dierdre,Omar,domarme@amazon.co.uk,Female,44.249.32.125
Natalee,Gonzales,ngonzalesmf@mozilla.org,Female,46.114.61.34
Dane,Follett,dfollettmg@lulu.com,Male,21.251.28.102
Myrlene,Sapsford,msapsfordmh@mashable.com,Female,226.181.197.154
Abdul,Sanderson,asandersonmi@walmart.com,Polygender,169.195.144.15
Micky,Jillitt,mjillittmj@cdbaby.com,Female,102.89.84.126
Yorke,Gravenor,ygravenormk@hp.com,Male,188.39.181.234
Jelene,Janata,jjanataml@elegantthemes.com,Female,85.210.122.49
Glyn,Shave,gshavemm@facebook.com,Male,178.139.196.253
Adelbert,Cappel,acappelmn@cargocollective.com,Male,116.173.220.68
Robinson,Bramsen,rbramsenmo@java.com,Male,210.220.37.30
Any,Tinkler,atinklermp@google.es,Male,233.77.177.228
Natka,Surgener,nsurgenermq@nature.com,Non-binary,12.193.63.253
Cahra,Petherick,cpetherickmr@fastcompany.com,Female,195.159.123.152
Judith,Kirvell,jkirvellms@123-reg.co.uk,Female,213.16.234.196
Gerik,Rust,grustmt@macromedia.com,Non-binary,72.83.162.168
Diana,Veldens,dveldensmu@google.com,Female,250.108.25.220
Harper,New,hnewmv@hao123.com,Polygender,162.233.162.12
Joice,Gianilli,jgianillimw@diigo.com,Female,77.115.157.3
Felita,Glisenan,fglisenanmx@bandcamp.com,Female,125.54.12.49
Laurette,Mulchrone,lmulchronemy@is.gd,Female,141.177.123.58
Mohammed,Wraxall,mwraxallmz@adobe.com,Male,158.121.43.91
Jemima,Greensides,jgreensidesn0@webnode.com,Female,18.176.225.116
Archambault,Belf,abelfn1@trellian.com,Male,99.224.54.226
Bax,Noli,bnolin2@edublogs.org,Male,196.132.249.62
Rodolph,Frobisher,rfrobishern3@ustream.tv,Male,65.119.195.67
Xenos,Chawner,xchawnern4@epa.gov,Male,71.94.190.227
Lebbie,Teligin,lteliginn5@dropbox.com,Female,199.99.68.178
Natassia,Heelis,nheelisn6@vinaora.com,Female,219.142.192.105
Caldwell,Dracksford,cdracksfordn7@cpanel.net,Male,240.161.174.82
Bette,Ollenbuttel,bollenbutteln8@mtv.com,Female,210.116.30.102
Arlen,McInulty,amcinultyn9@jugem.jp,Male,158.117.82.87
Fraser,Ebbles,febblesna@yellowbook.com,Male,154.14.108.226
Jackie,Coda,jcodanb@symantec.com,Female,154.153.87.122
Tamarra,Oxenbury,toxenburync@adobe.com,Female,106.64.183.246
Gertrudis,Stolberger,gstolbergernd@springer.com,Female,27.233.67.23
Gerrie,Kill,gkillne@plala.or.jp,Female,6.115.150.15
Robers,Yakebovitch,ryakebovitchnf@photobucket.com,Male,102.163.173.106
Paquito,Bramstom,pbramstomng@symantec.com,Male,229.200.201.116
Reese,Richardes,rrichardesnh@harvard.edu,Male,117.224.129.206
Crin,Shipman,cshipmanni@cyberchimps.com,Female,241.3.108.159
Jamey,McGee,jmcgeenj@youku.com,Male,200.177.211.168
Yancy,Checklin,ychecklinnk@yelp.com,Male,211.144.190.102
Sutton,Sealand,ssealandnl@yellowpages.com,Male,184.96.193.184
Kalli,Welling,kwellingnm@example.com,Female,89.230.200.23
Wakefield,Lavender,wlavendernn@ustream.tv,Male,154.8.81.222
Mechelle,Jinkinson,mjinkinsonno@dedecms.com,Female,170.193.81.168
Suzy,Ballefant,sballefantnp@vk.com,Female,0.139.65.47
Hernando,Blackburn,hblackburnnq@senate.gov,Male,224.105.205.105
Hilliary,Annice,hannicenr@prlog.org,Female,167.255.107.218
Niles,Block,nblockns@domainmarket.com,Male,42.128.183.94
Curr,Chattelaine,cchattelainent@psu.edu,Male,195.140.178.224
Angelika,Isakovic,aisakovicnu@uol.com.br,Female,118.27.206.92
Hestia,Torritti,htorrittinv@1und1.de,Female,71.21.143.67
Yancy,Bett,ybettnw@yellowbook.com,Male,49.123.85.66
Creigh,Klimowski,cklimowskinx@surveymonkey.com,Male,54.177.236.177
Philipa,Simmance,psimmanceny@theatlantic.com,Female,9.121.50.162
Valentina,Calan,vcalannz@lulu.com,Female,190.3.190.252
Kristoforo,McGuinley,kmcguinleyo0@flavors.me,Male,202.132.243.12
Montgomery,Wrotchford,mwrotchfordo1@fda.gov,Male,52.184.213.102
Neil,Busfield,nbusfieldo2@nbcnews.com,Male,137.77.30.112
Danella,Lumbly,dlumblyo3@globo.com,Female,122.17.64.113
Herold,Corrado,hcorradoo4@meetup.com,Male,175.19.84.49
Dalenna,Mellmer,dmellmero5@netlog.com,Female,91.153.239.76
Latisha,Crafts,lcraftso6@cdbaby.com,Female,215.65.36.197
Bernadina,Antoniak,bantoniako7@cdc.gov,Female,232.231.228.101
Morgana,Fillingham,mfillinghamo8@sphinn.com,Female,84.111.31.112
Helenelizabeth,Stearne,hstearneo9@illinois.edu,Polygender,82.171.240.84
Algernon,D'orsay,adorsayoa@unc.edu,Male,114.209.164.111
Madella,Wheowall,mwheowallob@epa.gov,Female,194.61.209.170
Nikolaos,Downe,ndowneoc@woothemes.com,Male,187.37.88.157
Darelle,Coney,dconeyod@jigsy.com,Agender,46.24.126.248
Filippa,Kenion,fkenionoe@topsy.com,Female,53.198.222.227
Dex,Maskill,dmaskillof@thetimes.co.uk,Male,44.125.96.89
Jesse,Rickcord,jrickcordog@vistaprint.com,Female,242.103.26.198
Boote,Mulbery,bmulberyoh@gov.uk,Male,53.247.211.204
Thornie,Hannibal,thannibaloi@seattletimes.com,Male,23.39.238.140
Ivette,Sandeson,isandesonoj@dailymotion.com,Female,104.243.5.216
Alicia,Silverson,asilversonok@facebook.com,Female,241.191.209.149
Davidde,Griss,dgrissol@mozilla.org,Male,176.231.200.17
Bertrand,Grollmann,bgrollmannom@friendfeed.com,Male,118.28.101.132
Nisse,Evenden,nevendenon@google.ru,Female,40.215.152.194
Marielle,Westby,mwestbyoo@oaic.gov.au,Female,251.117.41.139
Rozella,Kilpatrick,rkilpatrickop@disqus.com,Female,124.109.126.141
Lennard,Crimes,lcrimesoq@livejournal.com,Male,8.82.27.200
Nissie,Arlt,narltor@1und1.de,Female,229.214.120.217
Marsha,Bermingham,mberminghamos@fotki.com,Female,192.222.63.159
Jedediah,Shiel,jshielot@umich.edu,Male,57.108.204.46
Dunstan,Whitear,dwhitearou@scientificamerican.com,Male,214.79.255.97
Hayden,Tregensoe,htregensoeov@ebay.co.uk,Male,195.86.230.13
Brendin,Arkow,barkowow@utexas.edu,Male,187.58.248.122
Towny,Doleman,tdolemanox@themeforest.net,Male,150.42.29.121
Audry,Lomond,alomondoy@cam.ac.uk,Female,117.174.110.11
Veda,Luetkemeyer,vluetkemeyeroz@jugem.jp,Female,226.164.155.13
Sisile,Cheyenne,scheyennep0@feedburner.com,Female,249.65.82.140
Matthus,Odgaard,modgaardp1@rambler.ru,Male,199.249.142.142
Barbe,Fleckno,bflecknop2@sun.com,Female,73.35.118.150
Hagen,Lavin,hlavinp3@yelp.com,Male,179.227.140.176
Frederich,Woodland,fwoodlandp4@un.org,Male,13.216.176.139
Rivkah,Kildale,rkildalep5@hibu.com,Female,229.8.110.15
Godart,Hegerty,ghegertyp6@discovery.com,Male,248.52.64.137
Chalmers,Gayforth,cgayforthp7@miibeian.gov.cn,Male,79.246.7.0
Randie,Tunnadine,rtunnadinep8@pinterest.com,Genderqueer,176.162.186.28
Marquita,Dowthwaite,mdowthwaitep9@businessinsider.com,Female,235.83.106.144
Gwennie,Crathern,gcrathernpa@posterous.com,Female,101.17.47.115
Hattie,Palia,hpaliapb@drupal.org,Female,71.197.240.89
Mufi,Sheard,msheardpc@soup.io,Genderfluid,101.81.80.239
Talbot,Dadson,tdadsonpd@sohu.com,Male,137.195.13.92
Catlaina,Quince,cquincepe@nba.com,Genderqueer,46.38.129.20
Kissiah,Gwyneth,kgwynethpf@shareasale.com,Bigender,238.40.104.200
Pamella,Delwater,pdelwaterpg@goo.ne.jp,Female,35.200.165.204
Brett,Coltart,bcoltartph@devhub.com,Male,58.177.193.245
Elmira,Moorerud,emoorerudpi@github.com,Female,49.90.223.155
Sherman,Kaysor,skaysorpj@woothemes.com,Male,19.218.166.15
Mabelle,Stiffkins,mstiffkinspk@nytimes.com,Female,20.248.60.225
Heath,Hercock,hhercockpl@jiathis.com,Male,117.174.126.119
Catriona,Wrout,cwroutpm@goo.ne.jp,Agender,133.64.167.78
Anne-marie,Prozillo,aprozillopn@fotki.com,Female,46.94.154.248
Sol,Bearward,sbearwardpo@ihg.com,Male,100.95.40.12
Lottie,Jellman,ljellmanpp@rambler.ru,Female,9.35.118.30
Jenni,Beels,jbeelspq@furl.net,Female,132.227.161.210
Verine,Sumption,vsumptionpr@businessinsider.com,Female,8.187.152.103
Alene,Chesterfield,achesterfieldps@slideshare.net,Female,240.103.76.99
Barnabe,Spread,bspreadpt@symantec.com,Male,96.249.111.118
Katharina,Billingsly,kbillingslypu@tinyurl.com,Female,13.220.10.24
Angelico,Peaden,apeadenpv@addthis.com,Male,113.247.249.9
Illa,Wanden,iwandenpw@typepad.com,Female,146.104.121.170
Pepita,Collip,pcollippx@xrea.com,Female,246.239.131.97
Aggy,Peascod,apeascodpy@mashable.com,Female,91.217.139.194
Amabel,Follacaro,afollacaropz@reference.com,Female,130.55.106.105
Herschel,Mulrean,hmulreanq0@ucoz.com,Male,71.98.169.198
Salvatore,Iacapucci,siacapucciq1@xrea.com,Male,44.108.243.230
Lyssa,Rookwell,lrookwellq2@freewebs.com,Female,150.159.218.190
Quincey,Tunniclisse,qtunniclisseq3@rediff.com,Male,77.118.188.245
Nessa,Spain-Gower,nspaingowerq4@blogtalkradio.com,Female,234.35.98.188
Jeanne,Toe,jtoeq5@surveymonkey.com,Female,162.254.204.94
Darell,Sheron,dsheronq6@alibaba.com,Female,193.202.59.37
Benji,Clist,bclistq7@themeforest.net,Male,184.175.67.90
Corine,De La Cote,cdelacoteq8@umich.edu,Female,111.36.68.67
Obidiah,Boykett,oboykettq9@pinterest.com,Male,92.248.189.175
Pauly,Coalburn,pcoalburnqa@berkeley.edu,Female,141.42.79.147
Merla,Francklyn,mfrancklynqb@kickstarter.com,Female,39.60.194.183
Reese,Deem,rdeemqc@unicef.org,Male,57.69.110.138
Elsey,Hurrell,ehurrellqd@jalbum.net,Agender,26.210.170.117
Bat,Baudon,bbaudonqe@mit.edu,Male,194.183.158.249
Savina,Lawful,slawfulqf@bbb.org,Genderfluid,50.101.126.188
Susannah,Beteriss,sbeterissqg@ibm.com,Female,39.114.29.129
Markus,Rodolf,mrodolfqh@a8.net,Male,175.245.98.146
Shayna,Micheu,smicheuqi@gov.uk,Female,191.204.216.55
Eilis,Launchbury,elaunchburyqj@technorati.com,Non-binary,176.205.212.173
Berti,Osmint,bosmintqk@ovh.net,Female,74.34.15.188
Conni,Peatman,cpeatmanql@wiley.com,Female,247.58.20.228
Leo,Klaaassen,lklaaassenqm@google.nl,Male,180.131.135.38
Angel,Chung,achungqn@cbsnews.com,Male,3.29.127.235
Milka,Trahair,mtrahairqo@dot.gov,Female,250.65.204.191
Philbert,Ingleston,pinglestonqp@ibm.com,Genderfluid,170.161.35.246
Britt,Strongitharm,bstrongitharmqq@pagesperso-orange.fr,Female,69.109.147.71
Fabiano,Hender,fhenderqr@upenn.edu,Male,40.163.248.197
Ajay,Scrimgeour,ascrimgeourqs@salon.com,Female,170.125.158.186
Cleavland,Cavolini,ccavoliniqt@miibeian.gov.cn,Male,206.23.39.83
Rosmunda,Gyles,rgylesqu@wiley.com,Female,211.70.214.92
Padgett,McFaul,pmcfaulqv@berkeley.edu,Male,40.0.198.6
Kelcey,Hand,khandqw@barnesandnoble.com,Female,133.123.63.125
Amerigo,Brett,abrettqx@biglobe.ne.jp,Male,128.102.170.69
Brion,D'Acth,bdacthqy@mapquest.com,Male,161.128.16.64
Annmaria,Livoir,alivoirqz@cbc.ca,Female,48.225.172.97
Gar,Oldaker,goldakerr0@e-recht24.de,Male,236.161.81.254
Arnold,Cristol,acristolr1@gizmodo.com,Male,71.227.30.200
Karim,Allin,kallinr2@quantcast.com,Male,66.209.101.244
Wheeler,Edis,wedisr3@patch.com,Male,135.27.39.248
Jennie,McTaggart,jmctaggartr4@google.cn,Agender,252.151.99.141
Coleman,Batalle,cbataller5@xrea.com,Genderfluid,112.103.91.21
Tiertza,Codner,tcodnerr6@icq.com,Female,184.41.98.217
Tani,Burchell,tburchellr7@nytimes.com,Genderqueer,232.109.225.230
Carissa,Beran,cberanr8@bing.com,Female,149.126.253.103
Lucilia,Bault,lbaultr9@ning.com,Polygender,114.164.171.26
Karon,Mokes,kmokesra@cnbc.com,Genderfluid,212.114.204.61
Rosalind,Ohrtmann,rohrtmannrb@booking.com,Female,3.147.170.54
Hasty,Tooze,htoozerc@java.com,Male,197.26.154.238
Birch,Dittson,bdittsonrd@mapy.cz,Male,36.195.71.243
Duff,Gianolo,dgianolore@fda.gov,Male,243.193.231.235
Ferdinande,Schroter,fschroterrf@blogger.com,Female,146.3.84.181
Meier,Feak,mfeakrg@google.ca,Male,96.82.119.130
Miriam,Voak,mvoakrh@com.com,Female,22.111.225.246
Bibbie,Jurgensen,bjurgensenri@va.gov,Female,3.133.59.150
Myrtia,Sammons,msammonsrj@digg.com,Female,71.199.126.127
Fielding,Atheis,fatheisrk@ucoz.com,Male,184.26.71.116
Suzette,Blest,sblestrl@uol.com.br,Female,232.90.224.200
Allx,Iuorio,aiuoriorm@walmart.com,Female,72.221.45.113
Ediva,Mathelin,emathelinrn@time.com,Female,173.184.22.112
Myrlene,Squelch,msquelchro@gizmodo.com,Non-binary,181.57.69.49
Alaric,Esel,aeselrp@google.com,Male,10.226.252.161
Moise,de la Valette Parisot,mdelavaletteparisotrq@123-reg.co.uk,Male,81.74.88.70
Mar,Migheli,mmighelirr@printfriendly.com,Male,177.214.68.167
