first_name,last_name,email,gender,ip_address
Lon,Moline,lmoline0@tripod.com,Male,218.213.54.36
Spencer,Iskower,siskower1@oaic.gov.au,Male,105.53.237.116
Reg,Hindmoor,rhindmoor2@umn.edu,Male,138.106.168.172
Leena,Shapcote,lshapcote3@infoseek.co.jp,Female,250.114.131.99
Kara,Pykett,kpykett4@nsw.gov.au,Female,145.167.80.167
Geralda,Ritchley,gritchley5@chicagotribune.com,Female,227.121.235.131
Fraze,Mattack,fmattack6@imageshack.us,Male,217.70.91.174
Kalvin,Hamp,khamp7@cpanel.net,Male,113.70.250.216
Renata,Youle,ryoule8@apple.com,Female,186.158.242.147
Casper,Yerrell,cyerrell9@smh.com.au,Male,247.104.24.236
Cristin,Petkens,cpetkensa@fotki.com,Female,71.112.174.240
Alex,Temblett,atemblettb@stanford.edu,Male,222.63.1.15
Krystal,Tolemache,ktolemachec@psu.edu,Female,189.172.241.49
Zilvia,Rosevear,zroseveard@berkeley.edu,Female,168.57.103.83
Stormy,Grattan,sgrattane@wunderground.com,Bigender,217.185.61.190
Tory,Ventom,tventomf@engadget.com,Female,172.39.168.6
Fairlie,Scopes,fscopesg@icio.us,Bigender,13.93.10.194
Tallie,Wassung,twassungh@nytimes.com,Male,231.199.30.95
Viole,Tunnicliff,vtunnicliffi@ask.com,Female,171.25.139.92
Nadeen,Baudin,nbaudinj@multiply.com,Female,216.211.220.165
Sara,McCarry,smccarryk@angelfire.com,Female,98.57.237.158
Joaquin,Janodet,jjanodetl@pbs.org,Agender,19.241.140.33
Aime,Renfield,arenfieldm@scientificamerican.com,Female,133.242.85.152
Cristin,Ainslie,cainslien@opensource.org,Female,174.184.211.4
Patsy,Grinval,pgrinvalo@indiatimes.com,Bigender,75.22.168.73
Anselma,Bakeup,abakeupp@answers.com,Female,169.240.200.96
Jan,Wein,jweinq@t.co,Female,20.108.26.187
Cybil,Formilli,cformillir@nps.gov,Female,11.235.0.85
Brooks,Utridge,butridges@jalbum.net,Female,255.44.94.62
Igor,Yeabsley,iyeabsleyt@illinois.edu,Bigender,202.14.232.219
Andre,McAulay,amcaulayu@foxnews.com,Male,55.161.195.200
Tera,Perschke,tperschkev@tamu.edu,Female,185.134.171.246
Marge,Burn,mburnw@blogger.com,Female,223.156.217.106
Randa,Peplow,rpeplowx@msn.com,Female,53.127.124.71
Jacintha,McGuane,jmcguaney@csmonitor.com,Female,172.35.64.25
Ellynn,Giannazzi,egiannazziz@wisc.edu,Female,121.20.155.157
Earl,Junifer,ejunifer10@soup.io,Male,13.97.149.220
Wheeler,Tesche,wtesche11@wsj.com,Male,195.178.14.103
Scarlett,Reyburn,sreyburn12@nature.com,Female,93.173.105.30
Rollie,Strangeway,rstrangeway13@spotify.com,Male,79.236.71.17
Carree,Clemits,cclemits14@quantcast.com,Female,61.237.148.25
Ramsay,Nicholson,rnicholson15@google.com.br,Male,41.18.162.48
Alysia,Marney,amarney16@xinhuanet.com,Female,23.49.80.170
Lida,Skottle,lskottle17@e-recht24.de,Female,189.255.77.156
Tabb,Harms,tharms18@google.cn,Bigender,196.175.124.234
Dorice,Geggie,dgeggie19@instagram.com,Female,81.233.185.139
Cornie,Racine,cracine1a@skyrock.com,Male,198.96.220.155
Renie,Hasslocher,rhasslocher1b@oracle.com,Female,142.22.6.111
Marietta,Walicki,mwalicki1c@etsy.com,Female,141.44.88.191
Gratia,Bortoletti,gbortoletti1d@amazon.co.jp,Female,245.253.201.93
Hymie,Neggrini,hneggrini1e@php.net,Male,75.17.222.168
Ivette,Ruppertz,iruppertz1f@t.co,Female,8.37.19.187
Wallie,Feather,wfeather1g@usnews.com,Male,207.23.68.186
Blaine,Diggens,bdiggens1h@bravesites.com,Genderqueer,120.249.66.234
Verge,Broomhall,vbroomhall1i@ovh.net,Male,158.129.70.186
Derrik,Callard,dcallard1j@slideshare.net,Male,154.186.239.217
Marchall,Kohrsen,mkohrsen1k@rakuten.co.jp,Male,251.187.110.199
Iggy,Le Leu,ileleu1l@uol.com.br,Male,100.61.37.79
Claresta,Gundrey,cgundrey1m@squidoo.com,Female,62.153.251.156
Weider,Gilvary,wgilvary1n@wired.com,Male,171.102.164.95
Bartie,Regenhardt,bregenhardt1o@narod.ru,Male,75.80.248.117
Harrison,Bear,hbear1p@telegraph.co.uk,Polygender,162.140.182.97
Brennen,Spelsbury,bspelsbury1q@dot.gov,Male,246.112.143.219
Salomon,Sivyour,ssivyour1r@arstechnica.com,Male,11.249.64.228
Matteo,Muzzini,mmuzzini1s@yolasite.com,Male,39.3.75.112
Stacy,Twelftree,stwelftree1t@wiley.com,Male,119.42.175.134
Taylor,Leaming,tleaming1u@goodreads.com,Male,29.37.213.188
Pammi,Marre,pmarre1v@tinyurl.com,Female,110.172.248.96
Court,Isson,cisson1w@php.net,Male,138.24.250.135
Adrianne,Defty,adefty1x@cam.ac.uk,Female,2.130.15.64
Corrinne,Fessier,cfessier1y@apache.org,Female,44.18.249.78
Ellary,Guierre,eguierre1z@epa.gov,Male,184.35.83.149
Anallise,Trainer,atrainer20@ibm.com,Female,142.100.11.208
Milli,Kerss,mkerss21@simplemachines.org,Female,155.246.195.18
Boycie,Groger,bgroger22@w3.org,Male,109.53.108.159
Candi,Doyley,cdoyley23@nih.gov,Female,74.120.40.216
Cale,Paolotto,cpaolotto24@php.net,Male,179.193.0.12
Sunny,MacNab,smacnab25@biglobe.ne.jp,Genderqueer,181.37.23.56
Meir,Caldicot,mcaldicot26@pen.io,Male,181.97.87.238
Dyana,Grishanin,dgrishanin27@usatoday.com,Non-binary,0.9.27.187
Mar,Deavall,mdeavall28@miibeian.gov.cn,Male,94.168.252.212
Rube,McAlinden,rmcalinden29@dion.ne.jp,Male,229.189.235.21
Val,Parkins,vparkins2a@creativecommons.org,Female,210.192.163.102
Marney,MacRury,mmacrury2b@cyberchimps.com,Female,100.59.216.244
Jacquetta,Devericks,jdevericks2c@tripod.com,Female,163.163.144.236
Jdavie,Winram,jwinram2d@digg.com,Male,99.183.52.250
Dewain,Hargey,dhargey2e@tiny.cc,Male,206.115.224.37
Amaleta,Roney,aroney2f@bandcamp.com,Female,159.213.37.251
Clementine,Sheringham,csheringham2g@instagram.com,Female,190.81.165.229
Farah,Hindenburg,fhindenburg2h@youtu.be,Female,245.225.43.140
Dayna,Staniford,dstaniford2i@nifty.com,Female,0.70.158.164
Rhodia,Brunnstein,rbrunnstein2j@state.tx.us,Female,228.2.238.250
Pip,Cominetti,pcominetti2k@wp.com,Male,209.222.16.165
Galven,Winterson,gwinterson2l@spiegel.de,Male,39.83.218.7
Christoph,Hardson,chardson2m@qq.com,Male,92.149.247.195
Rosalinde,Hunstone,rhunstone2n@google.de,Female,248.30.197.192
Niel,Turland,nturland2o@fda.gov,Male,173.2.94.35
Arni,Dwelly,adwelly2p@jugem.jp,Agender,154.7.49.166
Gene,Wyllie,gwyllie2q@baidu.com,Male,119.27.60.45
Hamilton,Paprotny,hpaprotny2r@flickr.com,Male,46.110.51.123
Austen,Musselwhite,amusselwhite2s@springer.com,Male,226.169.253.93
Louise,Keech,lkeech2t@salon.com,Female,59.216.233.106
Vaughn,Bosward,vbosward2u@google.co.jp,Male,82.52.110.220
Tommy,Heineking,theineking2v@virginia.edu,Female,49.210.252.253
Stern,Wrought,swrought2w@g.co,Male,169.217.0.38
Alexei,Jagels,ajagels2x@meetup.com,Male,247.39.206.103
Mike,Vondruska,mvondruska2y@columbia.edu,Male,93.223.53.105
Eulalie,Punter,epunter2z@economist.com,Female,151.114.81.118
Ancell,Keddie,akeddie30@webs.com,Male,231.89.148.252
Annmaria,Bedells,abedells31@unc.edu,Genderfluid,163.81.143.102
Fawn,Irlam,firlam32@tinypic.com,Female,170.144.215.24
Cirillo,Holstein,cholstein33@virginia.edu,Male,42.88.26.6
Melitta,de Werk,mdewerk34@hubpages.com,Genderfluid,123.190.183.130
Benedict,Mackstead,bmackstead35@issuu.com,Male,95.253.87.79
Kakalina,Realy,krealy36@addtoany.com,Female,173.202.49.204
Codee,Mc Corley,cmccorley37@wikimedia.org,Female,171.108.184.178
Gradey,Mein,gmein38@mac.com,Male,121.21.241.248
Reggie,Polly,rpolly39@deviantart.com,Male,247.160.188.180
Burke,Sugge,bsugge3a@baidu.com,Male,116.187.115.99
Garvy,Condict,gcondict3b@globo.com,Male,207.207.228.36
Nollie,O'Dowd,nodowd3c@harvard.edu,Male,6.148.116.203
Artus,McCook,amccook3d@hhs.gov,Male,107.58.76.5
Carmelle,Oatley,coatley3e@ocn.ne.jp,Female,136.6.109.238
Garrick,Ackerley,gackerley3f@earthlink.net,Male,200.154.98.126
Cherish,Twentyman,ctwentyman3g@w3.org,Female,127.126.170.221
Sherilyn,Hannan,shannan3h@canalblog.com,Female,38.217.98.52
Elicia,Chelley,echelley3i@google.co.uk,Genderfluid,198.31.6.45
Lynne,Dancy,ldancy3j@vk.com,Female,112.6.40.35
Gusella,Ryton,gryton3k@cbsnews.com,Female,95.195.242.217
Susette,Harling,sharling3l@imgur.com,Female,212.232.151.138
Jo-anne,Tennick,jtennick3m@senate.gov,Female,35.77.136.125
Naoma,Kitchener,nkitchener3n@uol.com.br,Female,29.31.206.53
Maitilde,Kemmer,mkemmer3o@webs.com,Female,199.243.182.242
Chev,Sweetman,csweetman3p@vinaora.com,Male,244.190.252.89
Dorolice,Malone,dmalone3q@cisco.com,Female,87.17.179.194
Danice,Ninnis,dninnis3r@businessinsider.com,Female,46.19.134.245
Friederike,Scholig,fscholig3s@edublogs.org,Female,32.153.245.100
Bartolomeo,Harpin,bharpin3t@reference.com,Agender,18.236.173.151
Anet,Twycross,atwycross3u@goodreads.com,Female,254.243.174.183
Lionello,Thurling,lthurling3v@sina.com.cn,Male,170.166.39.97
Gayla,Barhems,gbarhems3w@whitehouse.gov,Female,54.46.253.195
Valera,Banthorpe,vbanthorpe3x@delicious.com,Female,222.49.224.54
Errol,Stoneham,estoneham3y@infoseek.co.jp,Male,216.226.63.211
Ilse,Tschersich,itschersich3z@home.pl,Agender,204.187.220.73
Orv,Jarratt,ojarratt40@linkedin.com,Agender,194.104.27.227
Elana,Finby,efinby41@sfgate.com,Bigender,124.106.243.127
Stafford,Ginie,sginie42@angelfire.com,Male,240.220.165.131
Philip,Harm,pharm43@yellowbook.com,Male,220.159.167.108
Carlyn,Shugg,cshugg44@booking.com,Female,46.42.111.212
Kelli,Clever,kclever45@sakura.ne.jp,Female,197.64.155.167
Raddy,Chedgey,rchedgey46@washingtonpost.com,Male,33.129.174.34
Natasha,MacKinnon,nmackinnon47@topsy.com,Female,88.87.223.76
Harrietta,Dudny,hdudny48@samsung.com,Non-binary,186.57.13.89
Dewain,Volker,dvolker49@biblegateway.com,Male,97.72.164.136
Georgeanna,Dockerty,gdockerty4a@indiatimes.com,Female,38.182.99.104
Babbette,Morigan,bmorigan4b@skype.com,Female,130.16.42.48
Reba,Lethbridge,rlethbridge4c@house.gov,Female,167.7.242.146
Geneva,Cottu,gcottu4d@prlog.org,Female,87.59.58.205
Trevar,Freake,tfreake4e@businesswire.com,Male,254.136.151.105
Tatum,Gaish,tgaish4f@berkeley.edu,Female,99.36.85.201
Gabie,Kent,gkent4g@cbc.ca,Male,60.226.70.159
Nate,Codeman,ncodeman4h@patch.com,Male,35.161.145.181
Kirstin,Jevon,kjevon4i@amazon.com,Female,17.141.180.208
Arron,Chartman,achartman4j@sciencedaily.com,Male,129.171.52.225
Zorana,Bentley,zbentley4k@printfriendly.com,Female,238.60.73.139
Bev,Rouse,brouse4l@squarespace.com,Female,5.114.162.41
Revkah,Spenceley,rspenceley4m@feedburner.com,Agender,118.100.94.59
Welby,Wilber,wwilber4n@t-online.de,Genderfluid,253.172.197.168
Rocky,Gallimore,rgallimore4o@dropbox.com,Male,72.182.105.164
Miranda,Ecclestone,mecclestone4p@cbsnews.com,Female,208.252.189.144
Jody,Tressler,jtressler4q@yahoo.co.jp,Female,137.55.216.237
Gerrie,Osler,gosler4r@indiatimes.com,Female,197.206.99.129
Roscoe,Boot,rboot4s@4shared.com,Male,159.195.40.251
Obidiah,Oran,ooran4t@histats.com,Male,66.118.213.191
Brok,McCorry,bmccorry4u@cbslocal.com,Male,149.121.82.101
Pauletta,Barg,pbarg4v@amazon.co.uk,Female,74.90.183.182
West,Hawkeridge,whawkeridge4w@auda.org.au,Male,174.61.134.107
Mareah,Baddam,mbaddam4x@theglobeandmail.com,Non-binary,21.37.20.10
Berky,Fisbburne,bfisbburne4y@whitehouse.gov,Male,171.218.14.14
Perceval,Stathers,pstathers4z@aol.com,Male,143.174.118.228
Wait,Dyson,wdyson50@parallels.com,Male,165.173.127.157
Debbi,Whapham,dwhapham51@vinaora.com,Female,241.234.40.132
Woodrow,Eastby,weastby52@cyberchimps.com,Male,67.54.228.182
Trula,Kundert,tkundert53@webmd.com,Female,49.30.215.131
Alan,Carlyle,acarlyle54@elegantthemes.com,Male,53.155.248.34
Adolphus,Siseland,asiseland55@elpais.com,Male,114.219.95.109
Maxy,Lorimer,mlorimer56@house.gov,Male,243.105.18.248
Julie,Montel,jmontel57@flavors.me,Female,136.70.89.87
Michaella,Dennerly,mdennerly58@statcounter.com,Female,26.7.175.115
Gallagher,Fiddymont,gfiddymont59@google.es,Male,17.131.228.46
Kareem,Comusso,kcomusso5a@topsy.com,Male,36.113.12.73
Meryl,Agney,magney5b@goodreads.com,Male,35.18.182.194
Roby,Stennett,rstennett5c@ox.ac.uk,Female,197.30.93.254
Cindee,McLemon,cmclemon5d@youtube.com,Female,244.170.194.9
Tab,Overil,toveril5e@google.com.hk,Male,93.37.236.55
Loise,Buttner,lbuttner5f@sakura.ne.jp,Female,161.126.119.216
Sonny,Ivimey,sivimey5g@guardian.co.uk,Male,92.41.228.183
Lena,Lepope,llepope5h@uol.com.br,Female,61.205.25.18
Quinta,Bridge,qbridge5i@newsvine.com,Female,168.24.119.172
Merridie,Hicken,mhicken5j@ucla.edu,Female,151.204.159.131
Nannette,Di Antonio,ndiantonio5k@alibaba.com,Female,224.8.193.142
Dania,Glitherow,dglitherow5l@google.ca,Female,199.168.171.102
Frederic,Gwatkin,fgwatkin5m@youku.com,Male,161.66.210.99
Alvie,Yurin,ayurin5n@prlog.org,Male,21.67.92.53
Brendis,Edmead,bedmead5o@bbc.co.uk,Polygender,29.113.110.118
Alene,McCumesky,amccumesky5p@facebook.com,Female,131.71.5.26
Farlie,Cancelier,fcancelier5q@simplemachines.org,Male,179.215.222.211
Gabriellia,Steanyng,gsteanyng5r@bandcamp.com,Polygender,251.143.48.7
Twyla,Deetlof,tdeetlof5s@qq.com,Female,180.83.16.189
Derick,Merryman,dmerryman5t@va.gov,Male,164.126.206.3
Elmore,Grigaut,egrigaut5u@xing.com,Male,68.152.49.187
Clevie,Broy,cbroy5v@51.la,Male,77.109.198.110
Itch,Shilton,ishilton5w@nbcnews.com,Male,58.164.100.218
Franky,Samsworth,fsamsworth5x@cafepress.com,Male,19.70.59.180
Shari,Haverson,shaverson5y@parallels.com,Female,182.127.24.160
Flory,Jirousek,fjirousek5z@zimbio.com,Female,151.33.9.170
Felike,Annis,fannis60@admin.ch,Male,140.58.199.211
Jase,Entissle,jentissle61@naver.com,Genderfluid,46.177.100.87
Barton,Dossit,bdossit62@japanpost.jp,Male,165.175.210.11
Dirk,Backhouse,dbackhouse63@cbsnews.com,Non-binary,31.136.230.123
Quintana,Vickerman,qvickerman64@mail.ru,Female,63.162.61.221
Madison,Consadine,mconsadine65@alexa.com,Male,143.145.245.51
Rubin,Tucker,rtucker66@hhs.gov,Male,165.84.86.4
Cindee,Cady,ccady67@joomla.org,Female,189.113.12.145
Bathsheba,Goulding,bgoulding68@blinklist.com,Female,82.91.159.1
Joelly,Glenwright,jglenwright69@scribd.com,Female,87.198.153.111
Sergei,Dudderidge,sdudderidge6a@blogs.com,Male,233.205.117.168
Hillery,Griffin,hgriffin6b@mapquest.com,Male,221.14.226.100
Mei,Doyley,mdoyley6c@cbsnews.com,Female,56.75.105.241
Jaquelin,Ventom,jventom6d@techcrunch.com,Female,254.73.215.14
Jilleen,Coil,jcoil6e@seesaa.net,Female,157.214.23.18
Madelene,Salerg,msalerg6f@multiply.com,Female,251.128.103.243
Debbie,Hambric,dhambric6g@cisco.com,Female,39.41.153.226
Turner,Cuerda,tcuerda6h@stanford.edu,Male,190.187.145.174
Sal,Orgill,sorgill6i@smugmug.com,Male,57.223.73.140
Pedro,Alman,palman6j@amazonaws.com,Male,241.142.227.241
Lesly,Luisetti,lluisetti6k@deviantart.com,Female,45.52.205.230
Em,Gainsburgh,egainsburgh6l@senate.gov,Female,60.85.57.247
Jeni,Tatteshall,jtatteshall6m@mozilla.org,Female,131.245.142.158
Gustave,Pordal,gpordal6n@cnbc.com,Male,51.134.174.204
Lon,Bickmore,lbickmore6o@angelfire.com,Male,104.218.4.223
Karine,Glancey,kglancey6p@abc.net.au,Female,130.88.186.249
Chad,Pritchard,cpritchard6q@canalblog.com,Female,163.37.75.110
Shepard,Mulles,smulles6r@ca.gov,Male,100.223.32.76
Maud,Proudley,mproudley6s@time.com,Female,159.253.127.211
Ezequiel,Ravenscroft,eravenscroft6t@fda.gov,Male,174.198.190.61
Ely,Roskilly,eroskilly6u@businessinsider.com,Male,20.9.237.19
Kacy,Spurdon,kspurdon6v@hubpages.com,Female,120.154.192.224
Jules,Salack,jsalack6w@disqus.com,Male,71.33.13.176
Katerine,Couvet,kcouvet6x@quantcast.com,Female,16.149.162.140
Tait,Folkes,tfolkes6y@hc360.com,Genderfluid,169.61.200.221
Imelda,Lugsdin,ilugsdin6z@imageshack.us,Female,114.161.115.222
Neala,Benninger,nbenninger70@mozilla.com,Female,154.94.127.22
Berti,Duchart,bduchart71@naver.com,Male,40.113.184.1
Ethelbert,Paddie,epaddie72@biblegateway.com,Male,162.117.115.170
Arley,Proschek,aproschek73@virginia.edu,Male,37.1.74.101
Joy,Dorow,jdorow74@bandcamp.com,Female,34.14.186.79
Vickie,Barling,vbarling75@360.cn,Female,205.94.154.236
Brandie,Klimontovich,bklimontovich76@cisco.com,Genderfluid,95.67.231.144
Natalina,Smurfit,nsmurfit77@eventbrite.com,Female,159.41.242.71
Jacky,Minchinden,jminchinden78@shop-pro.jp,Female,95.20.80.244
Jayme,Basson,jbasson79@cisco.com,Male,88.29.24.173
Farly,Langtry,flangtry7a@topsy.com,Polygender,183.114.98.100
Martica,Firman,mfirman7b@reverbnation.com,Female,83.136.70.142
Kissie,Gudgin,kgudgin7c@gizmodo.com,Female,46.249.61.41
Cyrillus,Bugby,cbugby7d@imageshack.us,Male,81.181.126.119
Bab,Lane,blane7e@live.com,Female,254.87.82.72
Kerianne,Priddey,kpriddey7f@economist.com,Female,207.22.89.82
Tomas,Schwandt,tschwandt7g@canalblog.com,Male,216.163.78.78
Kaitlyn,Wardale,kwardale7h@ftc.gov,Female,228.145.138.112
Bourke,Gaffney,bgaffney7i@odnoklassniki.ru,Male,52.72.101.96
Temp,Outridge,toutridge7j@nhs.uk,Male,4.107.171.162
Abdul,Blitz,ablitz7k@smugmug.com,Male,145.193.222.71
Toddie,Boothe,tboothe7l@themeforest.net,Male,53.12.63.146
Pedro,Lehrer,plehrer7m@reverbnation.com,Male,152.185.155.187
Julianna,Choffin,jchoffin7n@canalblog.com,Female,190.115.164.35
Rab,Hawthorn,rhawthorn7o@dot.gov,Male,155.156.249.26
Horacio,Waren,hwaren7p@economist.com,Male,32.153.200.174
Elisabeth,Bowbrick,ebowbrick7q@163.com,Female,162.255.62.215
Pris,Lackinton,plackinton7r@admin.ch,Female,202.15.176.59
Faye,Kollatsch,fkollatsch7s@over-blog.com,Female,14.131.125.22
Bartholomeus,Spire,bspire7t@google.ca,Male,71.193.173.109
Cindelyn,Younghusband,cyounghusband7u@xinhuanet.com,Female,142.158.94.106
Janenna,Yakubowicz,jyakubowicz7v@creativecommons.org,Female,175.161.71.173
Lorine,Meegan,lmeegan7w@lycos.com,Female,165.246.52.114
Eugine,Cecchi,ececchi7x@opensource.org,Female,134.244.117.219
Cesar,Birdwhistle,cbirdwhistle7y@aboutads.info,Male,39.188.230.7
Jenny,Breedy,jbreedy7z@linkedin.com,Female,36.239.235.157
Thorsten,Gristhwaite,tgristhwaite80@dion.ne.jp,Male,55.39.3.60
Angelle,Padula,apadula81@t.co,Female,120.158.78.205
Odell,Diano,odiano82@weibo.com,Male,34.231.48.90
Darwin,Eager,deager83@chronoengine.com,Male,112.165.68.126
Foss,Wooder,fwooder84@salon.com,Male,112.142.134.109
Jordon,Fenge,jfenge85@merriam-webster.com,Male,1.21.0.80
Atlante,Casacchia,acasacchia86@wordpress.org,Female,163.57.89.221
Cortney,Veal,cveal87@hhs.gov,Female,246.124.7.113
Hadria,Kitchenham,hkitchenham88@tripod.com,Female,91.220.209.75
Carmelita,Concannon,cconcannon89@cbslocal.com,Bigender,198.95.221.231
Guilbert,Fulford,gfulford8a@cafepress.com,Male,69.145.237.198
Lucinda,Pask,lpask8b@flickr.com,Female,156.71.130.249
Arielle,Pigram,apigram8c@storify.com,Female,34.149.112.216
Thacher,Yoseloff,tyoseloff8d@pagesperso-orange.fr,Male,208.208.36.161
Tulley,Pointon,tpointon8e@wufoo.com,Genderqueer,211.144.11.12
Gonzalo,Caron,gcaron8f@irs.gov,Male,25.3.37.204
Paulina,Nower,pnower8g@java.com,Female,200.178.128.86
Irwinn,Hamsley,ihamsley8h@imageshack.us,Male,117.248.51.214
Zared,Simecek,zsimecek8i@slate.com,Male,166.191.207.126
Horton,Stokoe,hstokoe8j@mail.ru,Male,99.67.217.19
Elizabet,Oakenfield,eoakenfield8k@skype.com,Female,211.185.25.78
Boony,Verecker,bverecker8l@macromedia.com,Male,46.150.98.115
Bel,Hamshar,bhamshar8m@walmart.com,Female,155.162.68.134
Sibley,Eakly,seakly8n@msu.edu,Female,213.39.55.238
Gustaf,Marchant,gmarchant8o@msn.com,Male,201.180.219.17
Tiebout,Abramovitch,tabramovitch8p@blogger.com,Male,7.167.170.159
Conant,Ducker,cducker8q@usda.gov,Genderqueer,86.83.200.113
Anni,Skiggs,askiggs8r@state.tx.us,Female,44.223.29.76
Haily,Bangs,hbangs8s@wikimedia.org,Male,200.95.110.205
Christyna,Full,cfull8t@tinypic.com,Female,197.198.80.206
Nollie,Whitwham,nwhitwham8u@blinklist.com,Female,20.236.93.123
Ev,Skerme,eskerme8v@tmall.com,Male,4.151.215.99
Benjamin,Neaverson,bneaverson8w@eepurl.com,Male,131.206.192.175
Ignacius,Blitzer,iblitzer8x@gmpg.org,Polygender,72.194.232.75
Janot,Daykin,jdaykin8y@bloomberg.com,Female,113.240.44.94
Renaldo,Shine,rshine8z@nytimes.com,Male,93.246.211.68
Fitzgerald,Shovel,fshovel90@springer.com,Male,111.236.7.207
Staci,Fillingham,sfillingham91@trellian.com,Female,34.158.72.243
Raymond,Tenny,rtenny92@miibeian.gov.cn,Male,92.156.188.163
Jackie,Blondel,jblondel93@vimeo.com,Male,225.40.89.181
Idalia,Spellesy,ispellesy94@joomla.org,Female,204.173.241.92
Rita,Beere,rbeere95@people.com.cn,Genderfluid,78.135.48.117
Braden,Sime,bsime96@patch.com,Male,156.110.159.206
Leilah,Witherdon,lwitherdon97@usda.gov,Female,228.203.143.198
Francesca,Sinnat,fsinnat98@rakuten.co.jp,Female,99.143.228.78
Delano,Zanassi,dzanassi99@usnews.com,Male,179.25.21.70
Jilleen,Saffran,jsaffran9a@gnu.org,Female,175.234.165.40
Vail,Kuhnwald,vkuhnwald9b@google.co.jp,Male,90.67.177.60
Kristin,Porteous,kporteous9c@meetup.com,Female,69.71.181.51
Celinka,Appleford,cappleford9d@cpanel.net,Female,210.121.59.34
Kimberlyn,Pylkynyton,kpylkynyton9e@businessweek.com,Female,6.120.44.251
Tabb,Marrington,tmarrington9f@usnews.com,Polygender,132.12.37.234
Greta,Wandrich,gwandrich9g@netlog.com,Polygender,46.122.203.14
Julienne,Baudins,jbaudins9h@woothemes.com,Female,203.111.117.40
Benita,Kubicka,bkubicka9i@springer.com,Female,96.206.184.143
Harlin,Darco,hdarco9j@fastcompany.com,Genderfluid,225.160.195.155
Nara,Rodgier,nrodgier9k@engadget.com,Female,81.26.191.151
Lewiss,Yesinov,lyesinov9l@jimdo.com,Male,21.57.47.176
Tedmund,Loton,tloton9m@jalbum.net,Male,124.68.23.33
Tonnie,Canniffe,tcanniffe9n@kickstarter.com,Male,30.109.125.232
Zolly,Klulicek,zklulicek9o@nsw.gov.au,Male,116.182.2.92
Kevon,Edgerton,kedgerton9p@amazon.co.jp,Male,116.55.202.175
Jeff,Brandrick,jbrandrick9q@pagesperso-orange.fr,Male,231.76.76.146
Sharla,MacCambridge,smaccambridge9r@arstechnica.com,Female,207.150.64.232
Sibbie,Johnikin,sjohnikin9s@prlog.org,Female,99.105.82.127
Ade,Rugieri,arugieri9t@yellowbook.com,Male,145.232.35.76
Ruperta,Koba,rkoba9u@bravesites.com,Female,69.144.18.53
Seumas,Lyons,slyons9v@angelfire.com,Male,198.159.185.141
Catharine,Wethers,cwethers9w@archive.org,Female,84.20.27.60
Garvey,Schouthede,gschouthede9x@dailymail.co.uk,Male,246.214.151.2
Marisa,Roseburgh,mroseburgh9y@elegantthemes.com,Polygender,160.216.87.30
Tamma,MacCardle,tmaccardle9z@google.co.uk,Female,41.92.196.40
Chariot,Mithun,cmithuna0@chicagotribune.com,Male,255.86.147.140
Rudolph,Colyer,rcolyera1@engadget.com,Male,78.198.222.215
Ogden,Ducker,oduckera2@imageshack.us,Male,28.22.187.227
Dimitri,Furzey,dfurzeya3@redcross.org,Male,93.114.18.19
Devlin,Artois,dartoisa4@blogs.com,Male,142.106.136.255
Silvia,Struss,sstrussa5@dell.com,Female,238.217.23.106
Krishna,Skelington,kskelingtona6@networksolutions.com,Bigender,132.55.228.81
Brett,Duigenan,bduigenana7@plala.or.jp,Male,109.115.157.117
Percy,Bacup,pbacupa8@biblegateway.com,Male,186.33.167.189
Heidi,Dunks,hdunksa9@reverbnation.com,Female,42.86.129.116
Karlis,Clinch,kclinchaa@answers.com,Male,146.2.197.87
Duane,Wooddisse,dwooddisseab@dmoz.org,Male,125.175.84.241
Burnaby,Eskell,beskellac@webnode.com,Male,135.156.141.105
Silvan,Ingles,singlesad@msu.edu,Male,244.85.171.193
Hatti,Newark,hnewarkae@mapquest.com,Female,121.36.245.173
Ericha,Norker,enorkeraf@chronoengine.com,Female,96.234.117.9
Liane,Chapelhow,lchapelhowag@usatoday.com,Female,36.9.42.121
Tristan,MacAllister,tmacallisterah@sciencedirect.com,Male,155.246.136.219
Vickie,Tadlow,vtadlowai@hp.com,Female,67.144.59.52
Ray,Soans,rsoansaj@google.fr,Male,97.59.89.146
Dill,Le Lievre,dlelievreak@fotki.com,Male,14.242.27.93
Jermaine,Dallyn,jdallynal@theatlantic.com,Female,52.89.213.204
Orin,Keating,okeatingam@squarespace.com,Bigender,136.17.5.206
Katina,Philcott,kphilcottan@pbs.org,Female,113.67.47.205
Jocelyn,Capelle,jcapelleao@goodreads.com,Female,18.79.58.231
Aristotle,Biddell,abiddellap@hugedomains.com,Male,145.116.172.63
Jamal,MacRory,jmacroryaq@over-blog.com,Male,49.154.4.14
Neda,Letten,nlettenar@miitbeian.gov.cn,Female,239.211.25.115
Vance,Mingaud,vmingaudas@intel.com,Male,245.8.60.240
Adolph,Cleatherow,acleatherowat@baidu.com,Male,8.44.85.223
Hephzibah,Phillipp,hphillippau@weather.com,Genderfluid,14.153.40.202
Hillary,Ridgedell,hridgedellav@cisco.com,Male,47.184.179.93
Gunter,Eadington,geadingtonaw@edublogs.org,Male,48.138.52.214
Joya,Djokovic,jdjokovicax@moonfruit.com,Female,242.24.251.33
Mirella,Bolin,mbolinay@acquirethisname.com,Female,236.218.237.108
Jarid,Knowlman,jknowlmanaz@wikimedia.org,Male,93.65.190.101
Madella,Bedson,mbedsonb0@whitehouse.gov,Female,234.110.0.183
Caleb,Drewe,cdreweb1@usgs.gov,Male,132.16.65.97
Marigold,Cranson,mcransonb2@baidu.com,Female,43.157.28.112
Everard,Prawle,eprawleb3@umn.edu,Male,137.120.12.61
Ingram,Stoile,istoileb4@usnews.com,Male,60.236.51.104
Gale,Fligg,gfliggb5@home.pl,Female,48.233.218.19
Humbert,Dunstall,hdunstallb6@apple.com,Male,92.199.161.252
Kelsey,Deener,kdeenerb7@mlb.com,Male,137.84.20.158
Burk,Faveryear,bfaveryearb8@virginia.edu,Male,111.217.37.176
Goldy,Van Salzberger,gvansalzbergerb9@ibm.com,Female,42.240.226.45
Leroy,Goodbarr,lgoodbarrba@csmonitor.com,Male,6.9.11.41
Gay,Tennock,gtennockbb@flickr.com,Female,56.35.210.60
Sandy,Prall,sprallbc@walmart.com,Female,247.214.194.135
Beckie,Bright,bbrightbd@yandex.ru,Female,223.211.161.225
Chelsy,Daville,cdavillebe@a8.net,Female,203.159.23.23
Regina,Royan,rroyanbf@tmall.com,Female,231.158.132.75
Midge,Goldsbrough,mgoldsbroughbg@skyrock.com,Female,137.220.139.173
Chuck,Habergham,chaberghambh@amazon.co.uk,Male,93.153.251.253
Anders,Chotty,achottybi@csmonitor.com,Male,135.97.143.203
Greg,Littler,glittlerbj@netscape.com,Male,145.16.242.34
Maryann,Carress,mcarressbk@theglobeandmail.com,Female,189.105.144.248
Chet,Blinde,cblindebl@blogger.com,Male,82.219.101.190
Nanette,Mayte,nmaytebm@delicious.com,Female,243.151.44.105
Iago,Hurdiss,ihurdissbn@nba.com,Male,85.190.232.29
Lura,Farrer,lfarrerbo@columbia.edu,Female,58.84.182.162
Maury,Fitzsymonds,mfitzsymondsbp@nydailynews.com,Male,77.103.227.202
Osmond,Coalburn,ocoalburnbq@xinhuanet.com,Non-binary,175.13.51.207
Eryn,Ayers,eayersbr@naver.com,Female,63.240.170.249
Livvie,Hearsey,lhearseybs@unc.edu,Female,186.66.141.122
Major,Suttaby,msuttabybt@tinypic.com,Male,137.253.115.15
Abeu,Besque,abesquebu@cyberchimps.com,Male,197.204.169.236
Aleksandr,Geffcock,ageffcockbv@networkadvertising.org,Male,38.157.147.206
Sheila,Ching,schingbw@xrea.com,Female,117.189.227.144
Gideon,MacIntosh,gmacintoshbx@cnn.com,Male,42.190.43.38
Evvy,Curl,ecurlby@theglobeandmail.com,Female,137.124.213.43
Betti,Sprionghall,bsprionghallbz@google.ca,Female,194.56.121.21
Flossi,Harpin,fharpinc0@google.co.jp,Female,123.26.176.166
Howey,Tebbett,htebbettc1@tinypic.com,Non-binary,8.50.87.255
Berk,Mogra,bmograc2@marketwatch.com,Male,136.2.196.17
Bonnibelle,Tench,btenchc3@youku.com,Female,218.203.99.47
Tobe,Paulich,tpaulichc4@nba.com,Male,56.218.246.224
Julius,O'Shiels,joshielsc5@mozilla.com,Male,160.45.50.251
Bradford,Edgin,bedginc6@pbs.org,Male,81.162.64.254
Sue,Turrell,sturrellc7@fema.gov,Female,196.44.207.29
Nicholas,Rosebotham,nrosebothamc8@theguardian.com,Male,192.173.233.25
Layne,Philipard,lphilipardc9@foxnews.com,Female,243.194.180.84
Beatrix,Schroder,bschroderca@feedburner.com,Female,133.83.28.144
Anthia,Caughan,acaughancb@technorati.com,Female,38.252.233.241
Liuka,Neumann,lneumanncc@statcounter.com,Female,224.163.207.155
Eldredge,Rushbrooke,erushbrookecd@simplemachines.org,Male,61.41.179.244
Barny,Wiltshire,bwiltshirece@woothemes.com,Male,112.229.204.253
Karen,Signore,ksignorecf@technorati.com,Female,157.176.142.165
Osmond,Bowcher,obowchercg@dyndns.org,Bigender,69.71.34.109
Amos,Cosker,acoskerch@fc2.com,Male,207.128.150.230
Gabbi,Petrik,gpetrikci@huffingtonpost.com,Female,227.23.180.222
Oren,Delort,odelortcj@cnn.com,Male,208.143.88.56
Ninette,Dobie,ndobieck@theguardian.com,Female,151.42.148.28
Abram,Poytres,apoytrescl@huffingtonpost.com,Male,207.197.1.69
Virgie,Newlove,vnewlovecm@mail.ru,Female,23.207.96.204
Norman,Zavattero,nzavatterocn@jigsy.com,Male,233.158.217.48
Merrilee,Limming,mlimmingco@google.ca,Female,149.205.126.30
Isabel,Jager,ijagercp@sciencedirect.com,Female,241.8.246.58
Maurine,Mulliss,mmullisscq@wix.com,Female,96.248.44.197
Iorgos,Tomblett,itomblettcr@issuu.com,Male,252.84.238.7
Emilee,Frier,efriercs@berkeley.edu,Female,162.74.96.90
Luce,Durnford,ldurnfordct@gmpg.org,Male,162.246.156.147
Barret,Mulles,bmullescu@squarespace.com,Male,241.126.102.120
Grissel,Caroline,gcarolinecv@wp.com,Non-binary,9.21.6.112
Bartolomeo,MacKaig,bmackaigcw@examiner.com,Male,240.77.51.146
Gunther,Runsey,grunseycx@exblog.jp,Male,192.48.185.225
Ali,Ruler,arulercy@e-recht24.de,Male,36.157.106.124
Adair,Birkmyre,abirkmyrecz@yellowpages.com,Male,175.207.89.225
Gawain,Bleackly,gbleacklyd0@mozilla.org,Male,10.65.181.214
Chris,Youde,cyouded1@live.com,Female,233.97.23.232
Ransell,Abramovicz,rabramoviczd2@ameblo.jp,Male,237.64.59.80
Hope,Farfalameev,hfarfalameevd3@toplist.cz,Female,159.177.181.198
Douglas,Ert,dertd4@usgs.gov,Male,48.27.246.155
Jethro,Ducastel,jducasteld5@joomla.org,Male,134.119.254.243
Tanitansy,Glendza,tglendzad6@freewebs.com,Female,158.85.69.124
Salaidh,Dinse,sdinsed7@barnesandnoble.com,Female,81.27.197.126
Danica,Po,dpod8@nhs.uk,Female,93.20.153.238
Patric,Speaks,pspeaksd9@360.cn,Polygender,125.181.123.29
Blanca,Trelease,btreleaseda@prnewswire.com,Female,5.192.90.230
Kaycee,Lechmere,klechmeredb@comsenz.com,Female,59.120.6.124
Sephira,Chitter,schitterdc@nbcnews.com,Agender,118.9.39.158
Dwight,Geockle,dgeockledd@blogger.com,Male,165.88.0.17
Bennett,Flay,bflayde@elegantthemes.com,Male,68.212.180.91
Daron,Knellen,dknellendf@symantec.com,Male,49.126.217.159
Benoit,Spatari,bspataridg@constantcontact.com,Male,236.14.20.200
Roy,Mattschas,rmattschasdh@tripadvisor.com,Male,89.163.127.59
Mose,Jacqueminet,mjacqueminetdi@nymag.com,Male,89.224.74.39
Washington,Milmo,wmilmodj@blogtalkradio.com,Male,174.241.1.191
Rebeca,Potteril,rpotterildk@go.com,Female,39.217.199.79
Camille,Raulston,craulstondl@meetup.com,Female,198.173.247.187
Rhona,Danser,rdanserdm@deviantart.com,Female,87.243.81.194
Eadith,Ughelli,eughellidn@google.it,Female,170.1.175.109
Thibaud,O'Hallagan,tohallagando@state.gov,Male,71.91.141.139
Ashleigh,Franz,afranzdp@scientificamerican.com,Female,125.111.220.230
Lyn,Marriot,lmarriotdq@elpais.com,Male,102.48.114.119
Dall,Rossi,drossidr@techcrunch.com,Male,149.179.3.161
Cynthy,Blick,cblickds@google.de,Female,146.57.156.159
Moishe,Beadles,mbeadlesdt@digg.com,Genderqueer,224.145.6.125
Umberto,Wombwell,uwombwelldu@godaddy.com,Male,68.194.240.82
Martina,Filipczynski,mfilipczynskidv@amazon.de,Female,143.103.244.76
Dita,Starzaker,dstarzakerdw@cmu.edu,Female,214.97.106.103
Garwin,Ingerson,gingersondx@wordpress.com,Male,131.88.161.224
Melany,Hayers,mhayersdy@freewebs.com,Female,200.1.203.111
Corabelle,Francioli,cfranciolidz@boston.com,Female,177.36.98.93
Merill,Fydo,mfydoe0@ca.gov,Male,78.45.205.121
Gregoire,Koppen,gkoppene1@nsw.gov.au,Male,188.237.38.172
Leighton,Ledbetter,lledbettere2@cornell.edu,Male,54.97.117.75
Anstice,Leak,aleake3@biblegateway.com,Female,148.154.213.171
Jarret,Boyington,jboyingtone4@angelfire.com,Male,221.199.250.4
Calv,Shillabeare,cshillabearee5@bravesites.com,Male,65.35.145.65
Nannie,Glendinning,nglendinninge6@google.com.au,Female,184.8.161.90
Granthem,Glencros,gglencrose7@ehow.com,Male,5.167.188.162
Kennie,Janczak,kjanczake8@uiuc.edu,Male,203.102.0.239
Tailor,MacConnel,tmacconnele9@independent.co.uk,Male,68.209.56.229
Cara,Lamburne,clamburneea@posterous.com,Polygender,190.168.10.176
Thadeus,Kmietsch,tkmietscheb@ucoz.ru,Male,139.89.243.219
Glory,Rodman,grodmanec@psu.edu,Female,94.28.44.136
Rafe,Tofts,rtoftsed@phoca.cz,Male,84.94.252.206
Ynes,Szymczyk,yszymczykee@opera.com,Female,18.136.37.88
Gilberte,Ratledge,gratledgeef@tripod.com,Female,173.34.212.243
Dwain,Eldrett,deldretteg@usatoday.com,Male,196.126.199.55
Stacey,Hellen,shelleneh@blogspot.com,Genderqueer,148.89.150.234
Pauly,Siddens,psiddensei@si.edu,Male,94.146.10.194
Jessica,Doxey,jdoxeyej@godaddy.com,Female,113.79.105.102
Aveline,Dykes,adykesek@narod.ru,Female,120.138.99.209
Mead,Muriel,mmurielel@elpais.com,Female,78.199.249.104
Selena,Placido,splacidoem@mail.ru,Female,199.24.205.137
Gifford,Lukacs,glukacsen@hud.gov,Male,92.148.237.244
Karia,Godman,kgodmaneo@auda.org.au,Female,239.254.8.161
Sargent,Owain,sowainep@un.org,Male,82.2.45.15
Alexandros,Tooher,atoohereq@miibeian.gov.cn,Male,106.202.112.168
Gardie,Ruffey,gruffeyer@biblegateway.com,Male,0.182.166.153
Fan,Remer,fremeres@independent.co.uk,Female,131.43.59.234
Laural,Castro,lcastroet@ca.gov,Agender,166.175.88.41
Bartholemy,Gai,bgaieu@dailymail.co.uk,Male,51.76.22.197
Giraud,Scotchford,gscotchfordev@oracle.com,Bigender,200.182.18.129
Gerri,Brookwell,gbrookwellew@nydailynews.com,Female,6.210.237.227
Gipsy,Swash,gswashex@qq.com,Female,106.105.22.238
Jule,Greated,jgreatedey@bigcartel.com,Male,127.145.98.96
Rina,Boal,rboalez@house.gov,Female,151.118.181.177
Odetta,Hellsdon,ohellsdonf0@de.vu,Female,220.91.113.200
Ines,Euesden,ieuesdenf1@flickr.com,Female,197.224.68.247
Elvira,Reader,ereaderf2@domainmarket.com,Female,204.112.224.211
Tibold,Kubicka,tkubickaf3@bandcamp.com,Male,46.246.100.73
Brucie,Corwood,bcorwoodf4@japanpost.jp,Male,214.14.50.93
Abagail,Ledwith,aledwithf5@unblog.fr,Agender,183.136.165.238
Cornie,Shawley,cshawleyf6@themeforest.net,Genderfluid,15.168.103.28
Harlene,Winscom,hwinscomf7@dell.com,Female,61.29.98.231
Allie,Wither,awitherf8@wordpress.com,Male,175.38.29.47
Cullen,Blacker,cblackerf9@google.it,Male,222.155.201.201
Nan,Gilford,ngilfordfa@artisteer.com,Female,114.94.29.5
Lionel,Pulman,lpulmanfb@go.com,Male,27.39.130.111
Ailbert,Hickin,ahickinfc@instagram.com,Male,169.75.9.179
Brant,Bauldrey,bbauldreyfd@eepurl.com,Male,122.59.95.189
Essie,Bestiman,ebestimanfe@java.com,Female,236.214.96.175
Bunny,Aucott,baucottff@cam.ac.uk,Non-binary,208.108.0.104
Tonya,Delmage,tdelmagefg@aboutads.info,Bigender,117.10.205.93
Salem,Alywen,salywenfh@icio.us,Male,41.55.185.67
Ferrell,Rittelmeyer,frittelmeyerfi@jiathis.com,Male,211.95.107.173
Hubie,Gligori,hgligorifj@ycombinator.com,Genderfluid,55.183.34.209
Dorelle,Beney,dbeneyfk@nationalgeographic.com,Female,128.201.25.8
Giustino,Collecott,gcollecottfl@clickbank.net,Male,120.138.224.80
Hale,Newbery,hnewberyfm@harvard.edu,Male,105.19.2.206
Clotilda,Heintzsch,cheintzschfn@simplemachines.org,Female,173.176.185.150
Michail,Balwin,mbalwinfo@marriott.com,Male,68.217.71.157
Vita,Hatfield,vhatfieldfp@pcworld.com,Female,232.34.64.131
Kissee,Romaine,kromainefq@loc.gov,Female,213.22.193.252
Kelbee,Decourt,kdecourtfr@howstuffworks.com,Male,29.39.191.200
Bambi,Bratty,bbrattyfs@mysql.com,Female,38.73.109.235
Saundra,Vasilyev,svasilyevft@vistaprint.com,Female,173.129.94.132
Isa,Sackur,isackurfu@aol.com,Female,85.40.138.15
Mart,McCrackem,mmccrackemfv@ted.com,Male,175.76.25.222
Barrie,Dog,bdogfw@dedecms.com,Male,150.65.129.71
Cort,Babst,cbabstfx@ehow.com,Male,88.156.158.219
Dorree,Fidgin,dfidginfy@360.cn,Female,193.144.124.32
Kissee,Van Eeden,kvaneedenfz@weather.com,Female,89.129.5.218
Dee,Northin,dnorthing0@google.cn,Female,249.205.91.99
Gideon,Domokos,gdomokosg1@joomla.org,Bigender,68.164.91.143
Eldridge,Pettet,epettetg2@goodreads.com,Male,68.160.242.252
Ibbie,Sherreard,isherreardg3@boston.com,Female,74.101.212.204
Ag,Rochewell,arochewellg4@dagondesign.com,Female,170.82.105.27
Jared,Bootell,jbootellg5@tripadvisor.com,Male,53.160.184.210
Waverley,Hehir,whehirg6@booking.com,Male,177.241.116.182
Ingmar,Elintune,ielintuneg7@canalblog.com,Male,226.57.75.189
Abner,Cristol,acristolg8@dot.gov,Male,29.58.235.111
Denis,Harverson,dharversong9@usa.gov,Male,79.91.198.165
Dela,Rodrig,drodrigga@state.tx.us,Female,97.53.245.78
Dannye,Ricciardi,dricciardigb@studiopress.com,Female,129.83.60.197
Aldwin,Keeri,akeerigc@prweb.com,Agender,88.52.54.143
Ruthanne,Dizlie,rdizliegd@quantcast.com,Female,86.97.146.172
Tabbatha,Magwood,tmagwoodge@wikimedia.org,Female,205.30.73.111
Silvanus,Baunton,sbauntongf@uol.com.br,Male,22.184.14.60
Inna,Lindenman,ilindenmangg@archive.org,Female,20.199.66.157
Tasia,Feeley,tfeeleygh@pbs.org,Female,68.168.226.116
Ede,Surcombe,esurcombegi@uiuc.edu,Female,199.0.17.70
Ernest,Mattack,emattackgj@eepurl.com,Male,151.125.35.128
Deva,Claffey,dclaffeygk@vk.com,Female,128.47.208.114
Boigie,MacAnellye,bmacanellyegl@sina.com.cn,Male,251.86.141.186
Cordula,Wevell,cwevellgm@home.pl,Female,112.103.147.99
Alejandra,Cahey,acaheygn@latimes.com,Female,17.182.14.196
Arlina,Von Welldun,avonwelldungo@alexa.com,Female,187.145.218.92
Clarine,Vest,cvestgp@opera.com,Female,22.227.92.206
Thayne,Berre,tberregq@so-net.ne.jp,Male,207.233.5.4
Skye,Perfect,sperfectgr@dedecms.com,Male,184.147.216.90
Tallou,Merriton,tmerritongs@samsung.com,Female,146.227.241.195
Waylin,Stroband,wstrobandgt@engadget.com,Male,108.51.74.92
Suzy,Sandom,ssandomgu@prweb.com,Female,90.34.113.133
Cordie,Vale,cvalegv@youtu.be,Male,159.211.244.43
Alair,Torrisi,atorrisigw@opera.com,Male,103.129.40.190
Shandee,Roydon,sroydongx@amazon.de,Female,209.26.232.116
Mortimer,Spoward,mspowardgy@dagondesign.com,Male,2.39.180.138
Wolf,Viggers,wviggersgz@seesaa.net,Non-binary,226.223.179.103
Marlena,Wordley,mwordleyh0@instagram.com,Female,58.139.78.131
Lissa,Muldownie,lmuldownieh1@blog.com,Female,186.2.102.151
Sheffie,Grishelyov,sgrishelyovh2@weibo.com,Male,114.168.143.199
Nevile,Catcherside,ncatchersideh3@bloglines.com,Male,18.193.11.149
Mei,Punchard,mpunchardh4@cyberchimps.com,Female,2.221.189.141
Dael,Sansum,dsansumh5@cbc.ca,Female,54.138.122.190
Glen,Brane,gbraneh6@reuters.com,Genderqueer,204.61.188.148
Nissy,Hullett,nhulletth7@goo.ne.jp,Female,40.158.187.60
Karel,Deary,kdearyh8@geocities.jp,Male,171.118.191.217
Ban,Cerie,bcerieh9@timesonline.co.uk,Male,243.215.199.122
Ashlie,Peasey,apeaseyha@reverbnation.com,Female,235.13.0.77
Keenan,McCaughran,kmccaughranhb@sciencedaily.com,Male,185.205.239.194
Lorry,Valentetti,lvalentettihc@yellowpages.com,Female,89.0.13.45
Mick,Ohanessian,mohanessianhd@nih.gov,Male,106.177.141.143
Manuel,Caveney,mcaveneyhe@shop-pro.jp,Non-binary,32.159.209.187
Regan,Rammell,rrammellhf@eventbrite.com,Male,195.94.21.110
Auberon,Donaghie,adonaghiehg@com.com,Genderfluid,54.78.27.255
Kirk,Gratrix,kgratrixhh@disqus.com,Male,199.181.76.55
Neville,Snartt,nsnartthi@cdbaby.com,Male,184.112.58.222
Sandi,Jarritt,sjarritthj@trellian.com,Female,143.238.224.182
Cobby,Strattan,cstrattanhk@tuttocitta.it,Male,240.8.97.209
Farrell,Abbey,fabbeyhl@simplemachines.org,Male,107.176.232.132
Ariel,Milward,amilwardhm@toplist.cz,Male,1.245.220.22
Aaron,Widdowes,awiddoweshn@pbs.org,Male,143.252.176.244
Karl,Mioni,kmioniho@theglobeandmail.com,Male,69.169.168.239
Aggi,Wallis,awallishp@shop-pro.jp,Female,70.61.236.102
Amargo,Debrett,adebretthq@webeden.co.uk,Female,191.137.158.232
Sabrina,Jorry,sjorryhr@cmu.edu,Female,124.235.34.248
Esther,Lille,elillehs@zimbio.com,Female,89.61.176.173
Koressa,Wessel,kwesselht@domainmarket.com,Female,172.136.46.41
Cirilo,Gareisr,cgareisrhu@slideshare.net,Male,63.122.177.22
Early,Cheyenne,echeyennehv@salon.com,Male,125.9.202.165
Jamey,O'Malley,jomalleyhw@cdbaby.com,Male,41.39.224.83
Cleon,Bachellier,cbachellierhx@arizona.edu,Male,73.207.246.32
Jessika,Summers,jsummershy@dropbox.com,Female,184.117.88.233
Damiano,Stote,dstotehz@addthis.com,Male,152.90.7.32
Iolande,Matousek,imatouseki0@instagram.com,Female,131.76.215.10
Lebbie,Keough,lkeoughi1@earthlink.net,Female,228.69.153.249
Yurik,Lumpkin,ylumpkini2@netscape.com,Male,122.229.35.45
Tod,Kenshole,tkensholei3@fotki.com,Male,10.182.67.180
Letti,Kiddie,lkiddiei4@apache.org,Female,180.120.204.28
Lilian,Spilling,lspillingi5@gravatar.com,Female,107.55.235.175
Dorris,Ealden,dealdeni6@xinhuanet.com,Bigender,251.9.6.141
Vida,Domnin,vdomnini7@altervista.org,Female,186.187.251.149
Claudia,Davidovsky,cdavidovskyi8@shareasale.com,Non-binary,113.113.33.157
Bernadene,Stimson,bstimsoni9@xinhuanet.com,Female,220.79.38.165
Neilla,Barrett,nbarrettia@ibm.com,Female,42.44.176.69
Kalie,Kryszkiecicz,kkryszkieciczib@shop-pro.jp,Female,92.167.99.161
Micheal,Sunnucks,msunnucksic@ucoz.ru,Male,77.13.225.60
Robert,Aitken,raitkenid@wikia.com,Male,158.190.89.110
Lexi,Chinnick,lchinnickie@1688.com,Female,226.151.118.122
Ryun,De Bischof,rdebischofif@unicef.org,Male,193.201.35.221
Marty,Durrell,mdurrellig@vistaprint.com,Female,69.84.39.238
Gwynne,Newis,gnewisih@goo.ne.jp,Female,16.49.85.12
Marijo,Nuttall,mnuttallii@craigslist.org,Agender,48.35.154.122
Marlie,Clere,mclereij@bandcamp.com,Female,89.234.247.53
Odilia,Schaumaker,oschaumakerik@sakura.ne.jp,Female,229.7.108.64
Ricardo,Bennike,rbennikeil@dmoz.org,Male,129.149.179.251
Janeen,Efford,jeffordim@cdc.gov,Female,243.216.221.128
Amelie,Shutte,ashuttein@fema.gov,Female,110.197.72.69
Felicio,Gandar,fgandario@wikipedia.org,Agender,173.241.61.191
Rafael,Andras,randrasip@irs.gov,Bigender,159.167.191.62
Crosby,Seeman,cseemaniq@slideshare.net,Male,240.89.86.61
Martie,Smaridge,msmaridgeir@constantcontact.com,Male,122.216.173.219
Curr,Hasney,chasneyis@squarespace.com,Male,45.24.46.195
Audi,Camis,acamisit@state.gov,Female,178.213.180.249
Bil,Kilner,bkilneriu@shop-pro.jp,Male,97.60.102.87
Brynn,Griffith,bgriffithiv@about.me,Female,232.49.172.9
Markos,Deschelle,mdeschelleiw@hp.com,Male,77.160.228.195
Carley,Leetham,cleethamix@cargocollective.com,Female,182.209.186.198
Lanie,Stoffers,lstoffersiy@slideshare.net,Female,136.125.151.250
Cherry,Ruscoe,cruscoeiz@icio.us,Female,235.76.147.34
Ashton,MacHostie,amachostiej0@wordpress.org,Male,130.161.13.106
Claudio,Suttle,csuttlej1@sphinn.com,Male,74.177.47.216
Enos,Lawlance,elawlancej2@yellowpages.com,Male,132.46.156.244
Flossie,Boncore,fboncorej3@whitehouse.gov,Female,83.29.4.103
Judah,Gaunter,jgaunterj4@ucoz.com,Male,27.144.77.228
Shanta,Rosten,srostenj5@123-reg.co.uk,Female,171.58.83.197
Magdalene,Nicholes,mnicholesj6@yelp.com,Female,161.60.78.33
Bebe,Kuna,bkunaj7@seesaa.net,Female,252.123.24.254
Emeline,Sedworth,esedworthj8@pbs.org,Female,107.45.48.163
Durand,Lyles,dlylesj9@webs.com,Male,97.0.100.221
Gavin,Blampey,gblampeyja@huffingtonpost.com,Male,4.226.145.226
Lucy,MacNair,lmacnairjb@ox.ac.uk,Female,77.196.66.224
Hettie,Gabits,hgabitsjc@blogtalkradio.com,Female,236.82.136.221
Patrick,Latliff,platliffjd@cocolog-nifty.com,Male,170.115.33.44
Elfie,Tonbye,etonbyeje@microsoft.com,Female,95.53.120.76
Lori,Stanett,lstanettjf@about.com,Female,165.236.7.182
Travus,Ledes,tledesjg@microsoft.com,Male,143.11.135.19
Micaela,Pickerin,mpickerinjh@hexun.com,Female,169.36.189.48
Quintus,Boshier,qboshierji@merriam-webster.com,Male,33.181.210.230
Marlyn,Popescu,mpopescujj@vinaora.com,Female,171.94.208.194
Laurence,Tithacott,ltithacottjk@census.gov,Male,201.21.129.73
Claudianus,Gillanders,cgillandersjl@scribd.com,Male,166.100.3.239
Morley,Rabat,mrabatjm@mozilla.org,Male,141.103.49.244
Care,Maletratt,cmaletrattjn@hugedomains.com,Male,205.169.155.109
Clementia,Salthouse,csalthousejo@diigo.com,Female,160.166.210.59
Jordan,Shelmardine,jshelmardinejp@over-blog.com,Male,112.109.115.122
Alfi,Drinkwater,adrinkwaterjq@sogou.com,Female,239.14.147.64
Lissy,Renfree,lrenfreejr@newsvine.com,Female,198.198.195.85
Kelsy,Beefon,kbeefonjs@accuweather.com,Female,162.129.156.90
Kathryne,Vobes,kvobesjt@dyndns.org,Female,217.215.137.170
Willow,Jodkowski,wjodkowskiju@amazon.de,Female,209.77.100.112
Weidar,Munford,wmunfordjv@sfgate.com,Male,227.160.66.134
Pippo,Bracey,pbraceyjw@spotify.com,Male,40.222.220.155
Helga,Duker,hdukerjx@ovh.net,Female,101.68.248.116
Drucy,Labrum,dlabrumjy@stumbleupon.com,Female,111.217.40.122
Orelee,Redborn,oredbornjz@sohu.com,Female,65.22.210.166
Cammi,Treble,ctreblek0@ebay.co.uk,Female,83.141.242.56
Tim,Katt,tkattk1@europa.eu,Female,129.12.154.21
Cristina,Rove,crovek2@virginia.edu,Female,58.15.175.151
Chance,Prugel,cprugelk3@weather.com,Male,6.46.109.113
Denys,Dufoure,ddufourek4@so-net.ne.jp,Non-binary,215.88.67.177
Bryna,Wille,bwillek5@cornell.edu,Female,218.208.169.29
Puff,Pidgley,ppidgleyk6@howstuffworks.com,Male,39.45.97.180
Harlene,Attlee,hattleek7@comsenz.com,Female,142.40.219.249
Carling,Rickaby,crickabyk8@xrea.com,Male,105.0.133.28
Colet,Rigts,crigtsk9@mail.ru,Male,197.68.136.82
Brant,Firbank,bfirbankka@bbb.org,Male,23.99.139.72
Goraud,Brewerton,gbrewertonkb@businessinsider.com,Male,70.18.62.255
Em,Cawdery,ecawderykc@ibm.com,Male,25.221.19.46
Etti,Wherton,ewhertonkd@dyndns.org,Female,121.152.34.158
Codie,Dainter,cdainterke@chron.com,Male,156.186.117.193
Nils,Roebottom,nroebottomkf@un.org,Male,186.24.206.157
Crissy,Auchinleck,cauchinleckkg@reverbnation.com,Female,96.5.3.64
Martie,Cohan,mcohankh@jugem.jp,Female,86.182.149.165
Eziechiele,Nesfield,enesfieldki@webnode.com,Male,93.215.116.245
Purcell,Merwede,pmerwedekj@japanpost.jp,Male,9.174.251.149
Cordelie,Liston,clistonkk@arizona.edu,Female,74.216.176.108
Ximenez,Lamperti,xlampertikl@google.ru,Male,174.24.43.228
Eda,Coning,econingkm@tripod.com,Female,55.183.184.45
Janina,Izsak,jizsakkn@usatoday.com,Female,166.204.241.174
Natalie,Allsep,nallsepko@tumblr.com,Female,154.215.207.158
Herculie,Spurgin,hspurginkp@bandcamp.com,Male,18.244.59.41
Loraine,Gabrieli,lgabrielikq@samsung.com,Female,95.0.87.25
Liva,Barkas,lbarkaskr@webnode.com,Female,113.213.55.222
Ertha,Cleft,ecleftks@mashable.com,Female,103.238.229.155
Sullivan,Offer,sofferkt@seesaa.net,Male,15.246.80.16
Alf,Demer,ademerku@dyndns.org,Genderfluid,59.42.36.34
Theresita,Kyneton,tkynetonkv@sfgate.com,Agender,7.59.214.103
Fletch,Godier,fgodierkw@berkeley.edu,Male,177.150.91.217
Julita,Leverentz,jleverentzkx@oakley.com,Female,100.193.168.10
Dominick,Galiero,dgalieroky@epa.gov,Male,212.41.243.4
Babbie,Baldcock,bbaldcockkz@blinklist.com,Female,205.197.61.200
Austen,Proger,aprogerl0@craigslist.org,Male,78.165.140.129
Tabor,Meekin,tmeekinl1@gnu.org,Male,172.205.12.66
Callida,Kincla,ckinclal2@gmpg.org,Non-binary,54.154.143.195
Marwin,Moultrie,mmoultriel3@nifty.com,Male,54.67.11.162
Shoshanna,Staner,sstanerl4@list-manage.com,Female,225.14.113.112
Fae,Peever,fpeeverl5@yellowbook.com,Bigender,149.96.218.198
Chase,Riteley,criteleyl6@berkeley.edu,Male,211.130.80.57
Bria,Fogden,bfogdenl7@hc360.com,Female,154.56.78.127
Wandie,Crichmer,wcrichmerl8@unesco.org,Female,245.243.146.174
Marsh,Donahue,mdonahuel9@nymag.com,Male,233.231.115.170
Mirabel,Madner,mmadnerla@huffingtonpost.com,Female,223.87.214.207
Arney,Morrallee,amorralleelb@abc.net.au,Bigender,148.137.112.57
Jimmy,Trundler,jtrundlerlc@google.co.uk,Male,151.9.71.51
Fredi,Stritton,fstrittonld@homestead.com,Female,199.67.155.161
Madalena,Portch,mportchle@redcross.org,Female,134.76.180.140
Anton,Winney,awinneylf@bravesites.com,Male,137.105.98.19
Leoline,Tidcombe,ltidcombelg@pcworld.com,Female,92.207.142.170
Essie,Winchurch,ewinchurchlh@boston.com,Female,173.69.121.9
Robers,Chatters,rchattersli@nih.gov,Male,42.171.51.170
Sharia,Farry,sfarrylj@cdc.gov,Female,117.49.184.188
Shelden,Cutler,scutlerlk@sogou.com,Male,234.68.253.28
Lisha,Cracknell,lcracknellll@cbc.ca,Female,76.230.9.135
Johannes,Slocom,jslocomlm@scribd.com,Male,243.11.80.179
Ives,Symcoxe,isymcoxeln@slideshare.net,Male,127.132.220.68
Cole,Markus,cmarkuslo@geocities.com,Male,127.247.13.28
Venita,Strudwick,vstrudwicklp@ifeng.com,Female,68.209.12.164
Valli,Brabbins,vbrabbinslq@europa.eu,Female,111.131.8.23
Meier,Doutch,mdoutchlr@jimdo.com,Male,219.61.125.62
Gerrie,Essel,gessells@flavors.me,Non-binary,233.106.239.40
Batholomew,Merrill,bmerrilllt@joomla.org,Male,177.176.195.67
Edwina,Shillum,eshillumlu@discuz.net,Female,49.60.7.147
Matilda,Trippitt,mtrippittlv@topsy.com,Female,154.35.242.149
Anni,Colyer,acolyerlw@upenn.edu,Female,209.188.20.229
Meade,Van den Bosch,mvandenboschlx@google.de,Female,177.145.144.245
Edgardo,Stutt,estuttly@bloglovin.com,Male,179.110.99.124
Darill,Yetts,dyettslz@craigslist.org,Male,29.253.207.131
Rosanna,Farrance,rfarrancem0@tiny.cc,Female,7.181.56.65
Vaclav,Elwood,velwoodm1@arizona.edu,Male,76.51.204.58
Leonhard,Brimner,lbrimnerm2@fotki.com,Male,101.136.170.18
Nealy,Adderley,nadderleym3@hhs.gov,Male,105.207.219.8
Gaby,Ciccetti,gciccettim4@springer.com,Female,245.241.215.93
Hallie,Mantrip,hmantripm5@sciencedaily.com,Female,138.150.116.208
Royall,Ungaretti,rungarettim6@posterous.com,Male,4.163.202.226
Hewie,O'Corhane,hocorhanem7@yelp.com,Male,214.231.6.46
Lothaire,Dummigan,ldummiganm8@indiegogo.com,Male,24.108.198.229
Ranice,Abell,rabellm9@cocolog-nifty.com,Female,164.78.250.83
Marnie,Dohr,mdohrma@xrea.com,Female,219.100.113.100
Stanwood,Coggill,scoggillmb@jugem.jp,Male,20.230.65.169
Louisette,Lindblad,llindbladmc@zimbio.com,Female,209.210.23.69
Joli,Sturdey,jsturdeymd@cnn.com,Female,92.6.121.93
Tyrus,Radage,tradageme@miitbeian.gov.cn,Male,196.161.63.207
Moreen,Nayer,mnayermf@bloglines.com,Female,241.153.100.72
Geordie,Fluit,gfluitmg@amazonaws.com,Agender,72.210.28.55
Delora,Ovendon,dovendonmh@nifty.com,Female,171.244.129.216
Jojo,Tunnah,jtunnahmi@cam.ac.uk,Female,246.231.97.175
Tuckie,Ladel,tladelmj@msu.edu,Male,110.107.244.156
Iseabal,McCathay,imccathaymk@diigo.com,Female,8.69.242.52
Fonsie,Aldam,faldamml@nature.com,Male,134.33.137.19
Devin,Tytcomb,dtytcombmm@pcworld.com,Male,159.210.163.71
Karie,Prine,kprinemn@zdnet.com,Female,9.108.216.171
Antonella,Aarons,aaaronsmo@gov.uk,Female,243.45.143.254
Bennie,Kerner,bkernermp@msn.com,Male,4.195.154.89
Nevsa,Goldie,ngoldiemq@nbcnews.com,Female,117.167.70.154
Juliann,Kellar,jkellarmr@alibaba.com,Female,208.103.118.59
Reagen,Wason,rwasonms@illinois.edu,Genderqueer,66.77.153.35
Oralee,Merryman,omerrymanmt@huffingtonpost.com,Female,108.254.180.203
Coral,Gibbie,cgibbiemu@yahoo.com,Female,82.168.130.209
Danita,Sirey,dsireymv@hubpages.com,Female,71.209.196.49
Meredeth,Daud,mdaudmw@amazon.co.jp,Male,142.77.68.48
Amos,Gillford,agillfordmx@google.pl,Male,95.184.247.108
Kyla,Jaynes,kjaynesmy@wiley.com,Female,190.219.125.62
Nicoline,McKeady,nmckeadymz@globo.com,Female,205.187.163.251
Anthiathia,Starbeck,astarbeckn0@chicagotribune.com,Female,77.204.72.205
Parry,Spirritt,pspirrittn1@desdev.cn,Male,170.248.179.44
Quentin,Cord,qcordn2@booking.com,Male,222.50.120.231
Sashenka,Nairns,snairnsn3@fastcompany.com,Female,165.33.22.17
Gayleen,Du Barry,gdubarryn4@yahoo.co.jp,Female,25.198.5.188
Augustina,Yarker,ayarkern5@wikipedia.org,Female,237.27.52.173
Winn,Ness,wnessn6@chicagotribune.com,Male,34.189.97.252
Ulrika,Fleckney,ufleckneyn7@tiny.cc,Female,51.138.93.4
Ethelyn,Fegan,efegann8@mit.edu,Genderfluid,98.205.51.198
Claus,Folomin,cfolominn9@businesswire.com,Male,98.29.232.4
Dode,Bruggeman,dbruggemanna@naver.com,Female,251.34.176.236
Maje,Tiley,mtileynb@mit.edu,Male,182.178.169.176
Delmor,Oty,dotync@dell.com,Male,175.181.167.71
Wayne,Paiton,wpaitonnd@tuttocitta.it,Genderqueer,180.91.114.40
Yardley,Dufore,yduforene@opensource.org,Male,44.160.179.115
Kassie,Heustace,kheustacenf@nymag.com,Female,153.101.118.62
Perry,Hallward,phallwardng@foxnews.com,Female,65.69.15.129
Barbaraanne,Aulsford,baulsfordnh@blogspot.com,Female,214.143.237.118
Joyce,Jepp,jjeppni@shop-pro.jp,Female,214.68.12.78
Gail,Durn,gdurnnj@blogtalkradio.com,Male,58.21.253.162
Ari,Kinghorne,akinghornenk@photobucket.com,Male,70.40.5.18
Lillian,Sinnat,lsinnatnl@webnode.com,Female,183.84.149.222
Lawry,Sheahan,lsheahannm@prlog.org,Male,229.192.128.212
Dugald,Husk,dhusknn@networksolutions.com,Male,168.216.206.173
Bard,Dudeney,bdudeneyno@nba.com,Male,250.88.143.116
Kent,Wickey,kwickeynp@house.gov,Male,181.120.215.89
Shurlocke,Govern,sgovernnq@t.co,Male,184.61.243.156
Margarette,Danilyak,mdanilyaknr@bluehost.com,Female,215.93.230.146
Gina,Lukes,glukesns@usatoday.com,Female,234.49.202.228
Edna,Baptist,ebaptistnt@1und1.de,Female,157.218.113.96
Aimil,Millar,amillarnu@icio.us,Female,164.158.81.12
Henriette,Meeland,hmeelandnv@cyberchimps.com,Female,148.150.200.206
Cynthia,Cutchie,ccutchienw@si.edu,Female,139.252.235.107
Margi,Titley,mtitleynx@github.io,Female,0.153.186.216
Cammy,Keyhoe,ckeyhoeny@tumblr.com,Female,160.65.153.183
Maire,Spalls,mspallsnz@shop-pro.jp,Bigender,80.7.180.135
Mary,Kidby,mkidbyo0@sciencedirect.com,Female,220.196.224.66
Norri,Bacon,nbacono1@vkontakte.ru,Female,49.72.25.214
Judah,Mattin,jmattino2@opensource.org,Male,70.131.174.47
Cloe,Messager,cmessagero3@photobucket.com,Female,52.253.25.89
Dorthea,Belchamp,dbelchampo4@bing.com,Female,54.70.252.70
Bern,Arden,bardeno5@domainmarket.com,Male,211.232.60.223
Kippy,Beacon,kbeacono6@yolasite.com,Male,0.208.37.242
Zulema,Esslement,zesslemento7@purevolume.com,Female,14.85.14.210
Caddric,Coffee,ccoffeeo8@fastcompany.com,Male,139.55.123.16
Elonore,McIlwain,emcilwaino9@google.cn,Polygender,62.41.5.218
Bordy,Falco,bfalcooa@comsenz.com,Male,23.69.43.236
Dody,Nanni,dnanniob@cbc.ca,Female,152.118.77.176
Barbabas,Deeth,bdeethoc@posterous.com,Male,244.192.235.154
Marys,Balf,mbalfod@fastcompany.com,Female,101.170.89.59
Richart,Hetterich,rhetterichoe@fema.gov,Male,40.77.237.115
Aubree,Echalie,aechalieof@wisc.edu,Female,185.138.209.182
Sibylla,Bark,sbarkog@storify.com,Female,208.36.132.147
Viva,Orbon,vorbonoh@google.it,Female,189.95.72.253
Dionne,Lode,dlodeoi@sourceforge.net,Female,16.29.174.25
Hayley,Mixer,hmixeroj@newsvine.com,Female,219.211.155.185
Evanne,Coggill,ecoggillok@netvibes.com,Female,102.125.114.99
Holt,Clayhill,hclayhillol@clickbank.net,Polygender,182.215.102.186
Flori,Curro,fcurroom@samsung.com,Female,158.204.171.87
Geno,Barneville,gbarnevilleon@comsenz.com,Male,127.103.13.69
Hayden,Heeks,hheeksoo@springer.com,Male,45.252.242.203
Grenville,O'Donnell,godonnellop@cpanel.net,Male,211.149.46.105
Steffane,Shorter,sshorteroq@wsj.com,Female,146.50.247.140
Casey,Boak,cboakor@time.com,Male,14.160.98.77
Julianna,Feehely,jfeehelyos@ucla.edu,Agender,166.130.187.74
Sylvia,Rotlauf,srotlaufot@marketwatch.com,Female,68.11.180.222
Gene,Alden,galdenou@kickstarter.com,Male,31.245.128.220
Tawnya,Cholonin,tcholoninov@myspace.com,Female,122.192.183.156
Jacquenetta,Tagg,jtaggow@google.it,Female,87.60.4.109
Scarface,Barsham,sbarshamox@ebay.com,Male,105.80.147.15
Janith,Thorowgood,jthorowgoodoy@cocolog-nifty.com,Female,235.80.173.36
Caroline,Khidr,ckhidroz@drupal.org,Female,194.106.80.40
Cy,Farrent,cfarrentp0@msn.com,Male,177.7.30.210
Rosalinda,Every,reveryp1@elpais.com,Female,150.25.252.170
Brana,Goulter,bgoulterp2@cnet.com,Female,193.40.78.144
Marcela,Hartle,mhartlep3@gravatar.com,Female,210.133.165.46
Vicky,Crenshaw,vcrenshawp4@ted.com,Female,96.80.0.100
Arabelle,Lowey,aloweyp5@networkadvertising.org,Female,129.58.76.54
Ellery,Inseal,einsealp6@is.gd,Male,214.75.214.130
Cobb,Tuttiett,ctuttiettp7@a8.net,Male,91.190.80.62
Bellanca,Mapletoft,bmapletoftp8@theglobeandmail.com,Female,123.111.213.138
Berny,Hakking,bhakkingp9@myspace.com,Female,196.1.167.158
Syman,Mottershead,smottersheadpa@quantcast.com,Male,173.177.199.178
Charyl,Perett,cperettpb@nbcnews.com,Female,103.51.32.19
Nigel,Mackleden,nmackledenpc@wired.com,Male,114.53.11.47
Hillel,Hemeret,hhemeretpd@zimbio.com,Male,165.180.70.29
Christoph,Pawellek,cpawellekpe@netvibes.com,Male,9.78.161.126
Morie,Bark,mbarkpf@list-manage.com,Male,126.99.175.160
Prissie,Thoma,pthomapg@narod.ru,Female,21.56.241.126
Myca,Frays,mfraysph@army.mil,Male,135.39.196.175
Olia,Dunican,odunicanpi@jiathis.com,Female,73.161.62.47
Fitz,Tidd,ftiddpj@mysql.com,Male,243.4.144.21
Muffin,Stuttman,mstuttmanpk@umn.edu,Male,242.186.164.53
Trudie,Curnokk,tcurnokkpl@berkeley.edu,Female,43.147.148.6
Wit,Ife,wifepm@bbc.co.uk,Male,248.228.136.252
Dinah,Ilyuchyov,dilyuchyovpn@harvard.edu,Female,130.168.41.11
Nathanial,Counsell,ncounsellpo@weather.com,Male,245.56.52.253
Aindrea,Waggatt,awaggattpp@dmoz.org,Female,63.84.120.118
Lock,Hefner,lhefnerpq@google.com,Male,138.129.223.88
Harriette,Soff,hsoffpr@tuttocitta.it,Female,59.28.96.61
Andi,Mercy,amercyps@storify.com,Female,231.227.1.255
Von,Winwright,vwinwrightpt@cbslocal.com,Male,44.60.62.205
Arte,Baylie,abayliepu@delicious.com,Bigender,203.16.149.209
Christophe,Drabble,cdrabblepv@economist.com,Male,83.99.93.44
Verine,Way,vwaypw@dyndns.org,Female,229.138.34.68
Caitrin,Samme,csammepx@pcworld.com,Female,125.23.182.41
Rebbecca,Brandenberg,rbrandenbergpy@webnode.com,Female,247.206.175.174
Bibby,Bertomeu,bbertomeupz@blogs.com,Female,69.39.81.114
Chase,Bullon,cbullonq0@bloomberg.com,Male,241.0.219.238
Lani,Burmingham,lburminghamq1@usda.gov,Female,148.13.159.93
Arin,Cadreman,acadremanq2@nbcnews.com,Male,218.21.47.33
Charlotte,Cristofaro,ccristofaroq3@columbia.edu,Female,93.162.199.54
Perla,Brewerton,pbrewertonq4@howstuffworks.com,Female,95.59.55.46
Tiffi,Bonaire,tbonaireq5@myspace.com,Female,95.179.61.52
Gayle,Wincer,gwincerq6@hubpages.com,Female,114.116.99.55
Malachi,Berryann,mberryannq7@kickstarter.com,Male,128.224.70.25
Tabby,Rotte,trotteq8@reddit.com,Male,203.165.149.120
Axel,Navein,anaveinq9@prlog.org,Male,233.172.183.91
Nada,Benaine,nbenaineqa@addthis.com,Female,240.132.174.113
Phillis,Heather,pheatherqb@shareasale.com,Female,208.54.215.68
Horst,Whitehall,hwhitehallqc@msn.com,Male,24.246.187.198
Antoine,Moorerud,amoorerudqd@dropbox.com,Male,209.94.246.247
Phyllys,Vahl,pvahlqe@issuu.com,Female,126.30.131.122
Heddie,Guiso,hguisoqf@parallels.com,Female,10.70.229.202
Concordia,McRinn,cmcrinnqg@tiny.cc,Female,123.86.34.93
Jaimie,Petrello,jpetrelloqh@networksolutions.com,Agender,178.47.122.130
Friederike,Dorr,fdorrqi@last.fm,Female,225.223.48.204
Yance,Foucard,yfoucardqj@etsy.com,Male,221.157.4.91
Gallard,Spores,gsporesqk@123-reg.co.uk,Male,183.178.239.29
Sarina,De Ambrosi,sdeambrosiql@marketwatch.com,Female,252.152.99.215
Fitz,McEnhill,fmcenhillqm@cafepress.com,Male,198.180.16.195
Jaquenette,Nevison,jnevisonqn@prnewswire.com,Female,9.80.148.233
Atlanta,Howels,ahowelsqo@drupal.org,Female,12.203.120.224
Gamaliel,Joy,gjoyqp@purevolume.com,Male,60.242.251.223
Ced,Dudding,cduddingqq@bluehost.com,Male,12.125.215.154
Zilvia,Benedikt,zbenediktqr@amazon.co.jp,Female,250.238.79.107
Gus,Ciraldo,gciraldoqs@blogger.com,Female,215.44.68.208
Matti,Matches,mmatchesqt@4shared.com,Female,255.96.34.176
Nicko,Wickett,nwickettqu@boston.com,Male,83.115.16.40
Elianore,Simm,esimmqv@loc.gov,Female,219.141.81.57
Peggi,Beamiss,pbeamissqw@loc.gov,Female,66.141.17.198
Lind,Rowson,lrowsonqx@upenn.edu,Female,207.41.91.170
Bobbee,Buttel,bbuttelqy@indiatimes.com,Female,16.219.203.101
Bride,Kerss,bkerssqz@weebly.com,Female,63.140.231.143
Melany,Bellino,mbellinor0@mlb.com,Female,63.143.189.255
Flemming,Stow,fstowr1@dmoz.org,Male,185.236.187.37
Erv,Mellsop,emellsopr2@imgur.com,Male,172.217.249.5
Stephine,Bisterfeld,sbisterfeldr3@nymag.com,Female,97.20.121.192
Delmer,Supple,dsuppler4@columbia.edu,Male,7.138.11.118
Kristan,McClune,kmccluner5@bbb.org,Female,203.182.197.166
Leila,Sirett,lsirettr6@scribd.com,Female,61.171.198.228
Llywellyn,O'Murtagh,lomurtaghr7@indiatimes.com,Male,194.135.163.134
Clint,Lissimore,clissimorer8@drupal.org,Male,40.90.236.122
Derrek,Evens,devensr9@tripadvisor.com,Male,118.248.82.144
Emmey,Besson,ebessonra@simplemachines.org,Female,90.127.88.203
Salim,Jouanet,sjouanetrb@archive.org,Genderqueer,150.87.109.254
Borden,Jelf,bjelfrc@diigo.com,Male,1.88.81.54
Marion,Pesterfield,mpesterfieldrd@webnode.com,Female,148.8.100.24
Thurston,Trafford,ttraffordre@yandex.ru,Male,87.250.238.243
Merline,Milam,mmilamrf@businessinsider.com,Genderqueer,185.96.234.190
Inna,Stebbing,istebbingrg@cbsnews.com,Female,81.47.56.105
Drugi,Cockrem,dcockremrh@typepad.com,Male,141.1.83.137
Silvan,Gladwell,sgladwellri@google.it,Male,152.116.140.180
Giustina,Truwert,gtruwertrj@soup.io,Bigender,219.172.98.154
Bink,Rummings,brummingsrk@jimdo.com,Non-binary,148.130.17.150
Angie,Hinsch,ahinschrl@list-manage.com,Male,197.3.207.109
Noreen,Lilywhite,nlilywhiterm@netvibes.com,Genderqueer,140.144.164.5
Marybeth,Nottingham,mnottinghamrn@aboutads.info,Female,56.183.40.170
Kay,Melley,kmelleyro@sakura.ne.jp,Female,67.90.82.127
Sybille,Blackwell,sblackwellrp@pen.io,Female,51.209.10.118
Mable,Threlfall,mthrelfallrq@fc2.com,Female,213.94.233.69
Alf,Middlemist,amiddlemistrr@theglobeandmail.com,Male,30.241.184.176
